,TICKER,EST_DATE,MEASURE,FPI,MEANEST,ACT_DATE,ACTUAL
226,AAPL,20100114,EPS,1,0.28,20100930,0.5411
261,AAPL,20100114,EPS,2,0.34,20110930,0.9886
227,AAPL,20100218,EPS,1,0.42,20100930,0.5411
262,AAPL,20100218,EPS,2,0.47,20110930,0.9886
228,AAPL,20100318,EPS,1,0.42,20100930,0.5411
263,AAPL,20100318,EPS,2,0.47,20110930,0.9886
229,AAPL,20100415,EPS,1,0.43,20100930,0.5411
264,AAPL,20100415,EPS,2,0.5,20110930,0.9886
368,AAPL,20100415,EPS,5,0.54,20140930,1.6125
230,AAPL,20100520,EPS,1,0.48,20100930,0.5411
265,AAPL,20100520,EPS,2,0.55,20110930,0.9886
369,AAPL,20100520,EPS,5,0.59,20140930,1.6125
231,AAPL,20100617,EPS,1,0.48,20100930,0.5411
266,AAPL,20100617,EPS,2,0.56,20110930,0.9886
370,AAPL,20100617,EPS,5,0.61,20140930,1.6125
232,AAPL,20100715,EPS,1,0.49,20100930,0.5411
267,AAPL,20100715,EPS,2,0.59,20110930,0.9886
371,AAPL,20100715,EPS,5,0.61,20140930,1.6125
233,AAPL,20100819,EPS,1,0.52,20100930,0.5411
268,AAPL,20100819,EPS,2,0.62,20110930,0.9886
372,AAPL,20100819,EPS,5,0.61,20140930,1.6125
234,AAPL,20100916,EPS,1,0.52,20100930,0.5411
269,AAPL,20100916,EPS,2,0.63,20110930,0.9886
235,AAPL,20101014,EPS,1,0.52,20100930,0.5411
270,AAPL,20101014,EPS,2,0.64,20110930,0.9886
373,AAPL,20101014,EPS,5,1.04,20140930,1.6125
248,AAPL,20101118,EPS,1,0.68,20110930,0.9886
286,AAPL,20101118,EPS,2,0.78,20120930,1.5768
249,AAPL,20101216,EPS,1,0.68,20110930,0.9886
287,AAPL,20101216,EPS,2,0.8,20120930,1.5768
250,AAPL,20110120,EPS,1,0.81,20110930,0.9886
288,AAPL,20110120,EPS,2,0.93,20120930,1.5768
398,AAPL,20110120,EPS,5,1.33,20150930,2.305
251,AAPL,20110217,EPS,1,0.82,20110930,0.9886
289,AAPL,20110217,EPS,2,0.93,20120930,1.5768
399,AAPL,20110217,EPS,5,1.33,20150930,2.305
252,AAPL,20110317,EPS,1,0.82,20110930,0.9886
290,AAPL,20110317,EPS,2,0.94,20120930,1.5768
400,AAPL,20110317,EPS,5,1.33,20150930,2.305
253,AAPL,20110414,EPS,1,0.82,20110930,0.9886
291,AAPL,20110414,EPS,2,0.96,20120930,1.5768
401,AAPL,20110414,EPS,5,1.33,20150930,2.305
254,AAPL,20110519,EPS,1,0.88,20110930,0.9886
292,AAPL,20110519,EPS,2,1.02,20120930,1.5768
402,AAPL,20110519,EPS,5,1.33,20150930,2.305
255,AAPL,20110616,EPS,1,0.88,20110930,0.9886
293,AAPL,20110616,EPS,2,1.02,20120930,1.5768
403,AAPL,20110616,EPS,5,1.33,20150930,2.305
256,AAPL,20110714,EPS,1,0.89,20110930,0.9886
294,AAPL,20110714,EPS,2,1.04,20120930,1.5768
257,AAPL,20110818,EPS,1,0.98,20110930,0.9886
295,AAPL,20110818,EPS,2,1.15,20120930,1.5768
258,AAPL,20110915,EPS,1,0.98,20110930,0.9886
296,AAPL,20110915,EPS,2,1.16,20120930,1.5768
273,AAPL,20111020,EPS,1,1.22,20120930,1.5768
319,AAPL,20111020,EPS,2,1.39,20130930,1.4196
274,AAPL,20111117,EPS,1,1.23,20120930,1.5768
320,AAPL,20111117,EPS,2,1.39,20130930,1.4196
275,AAPL,20111215,EPS,1,1.24,20120930,1.5768
321,AAPL,20111215,EPS,2,1.39,20130930,1.4196
276,AAPL,20120119,EPS,1,1.26,20120930,1.5768
322,AAPL,20120119,EPS,2,1.41,20130930,1.4196
277,AAPL,20120216,EPS,1,1.53,20120930,1.5768
323,AAPL,20120216,EPS,2,1.69,20130930,1.4196
278,AAPL,20120315,EPS,1,1.54,20120930,1.5768
324,AAPL,20120315,EPS,2,1.72,20130930,1.4196
279,AAPL,20120419,EPS,1,1.58,20120930,1.5768
325,AAPL,20120419,EPS,2,1.81,20130930,1.4196
280,AAPL,20120517,EPS,1,1.68,20120930,1.5768
326,AAPL,20120517,EPS,2,1.93,20130930,1.4196
428,AAPL,20120517,EPS,5,3.39,20160930,2.0775
281,AAPL,20120614,EPS,1,1.68,20120930,1.5768
327,AAPL,20120614,EPS,2,1.93,20130930,1.4196
429,AAPL,20120614,EPS,5,3.39,20160930,2.0775
282,AAPL,20120719,EPS,1,1.67,20120930,1.5768
328,AAPL,20120719,EPS,2,1.94,20130930,1.4196
430,AAPL,20120719,EPS,5,3.32,20160930,2.0775
283,AAPL,20120816,EPS,1,1.58,20120930,1.5768
329,AAPL,20120816,EPS,2,1.87,20130930,1.4196
431,AAPL,20120816,EPS,5,3.25,20160930,2.0775
284,AAPL,20120920,EPS,1,1.58,20120930,1.5768
330,AAPL,20120920,EPS,2,1.89,20130930,1.4196
432,AAPL,20120920,EPS,5,3.25,20160930,2.0775
285,AAPL,20121018,EPS,1,1.58,20120930,1.5768
331,AAPL,20121018,EPS,2,1.9,20130930,1.4196
433,AAPL,20121018,EPS,5,2.54,20160930,2.0775
307,AAPL,20121115,EPS,1,1.79,20130930,1.4196
356,AAPL,20121115,EPS,2,2.09,20140930,1.6125
458,AAPL,20121115,EPS,5,2.96,20170930,2.3025
308,AAPL,20121220,EPS,1,1.75,20130930,1.4196
357,AAPL,20121220,EPS,2,2.06,20140930,1.6125
459,AAPL,20121220,EPS,5,2.64,20170930,2.3025
309,AAPL,20130117,EPS,1,1.72,20130930,1.4196
358,AAPL,20130117,EPS,2,2.03,20140930,1.6125
460,AAPL,20130117,EPS,5,2.17,20170930,2.3025
310,AAPL,20130214,EPS,1,1.6,20130930,1.4196
359,AAPL,20130214,EPS,2,1.82,20140930,1.6125
461,AAPL,20130214,EPS,5,2.17,20170930,2.3025
311,AAPL,20130314,EPS,1,1.58,20130930,1.4196
360,AAPL,20130314,EPS,2,1.78,20140930,1.6125
462,AAPL,20130314,EPS,5,2.17,20170930,2.3025
312,AAPL,20130418,EPS,1,1.56,20130930,1.4196
361,AAPL,20130418,EPS,2,1.75,20140930,1.6125
463,AAPL,20130418,EPS,5,2.17,20170930,2.3025
313,AAPL,20130516,EPS,1,1.42,20130930,1.4196
362,AAPL,20130516,EPS,2,1.58,20140930,1.6125
464,AAPL,20130516,EPS,5,2.01,20170930,2.3025
314,AAPL,20130620,EPS,1,1.41,20130930,1.4196
363,AAPL,20130620,EPS,2,1.56,20140930,1.6125
465,AAPL,20130620,EPS,5,2.01,20170930,2.3025
315,AAPL,20130718,EPS,1,1.41,20130930,1.4196
364,AAPL,20130718,EPS,2,1.55,20140930,1.6125
466,AAPL,20130718,EPS,5,1.17,20170930,2.3025
316,AAPL,20130815,EPS,1,1.4,20130930,1.4196
365,AAPL,20130815,EPS,2,1.51,20140930,1.6125
467,AAPL,20130815,EPS,5,1.51,20170930,2.3025
317,AAPL,20130919,EPS,1,1.4,20130930,1.4196
366,AAPL,20130919,EPS,2,1.52,20140930,1.6125
468,AAPL,20130919,EPS,5,1.57,20170930,2.3025
318,AAPL,20131017,EPS,1,1.4,20130930,1.4196
367,AAPL,20131017,EPS,2,1.54,20140930,1.6125
469,AAPL,20131017,EPS,5,1.57,20170930,2.3025
344,AAPL,20131114,EPS,1,1.55,20140930,1.6125
386,AAPL,20131114,EPS,2,1.71,20150930,2.305
345,AAPL,20131219,EPS,1,1.56,20140930,1.6125
387,AAPL,20131219,EPS,2,1.71,20150930,2.305
346,AAPL,20140116,EPS,1,1.56,20140930,1.6125
388,AAPL,20140116,EPS,2,1.71,20150930,2.305
347,AAPL,20140220,EPS,1,1.53,20140930,1.6125
389,AAPL,20140220,EPS,2,1.65,20150930,2.305
348,AAPL,20140320,EPS,1,1.53,20140930,1.6125
390,AAPL,20140320,EPS,2,1.66,20150930,2.305
349,AAPL,20140417,EPS,1,1.52,20140930,1.6125
391,AAPL,20140417,EPS,2,1.66,20150930,2.305
350,AAPL,20140515,EPS,1,1.58,20140930,1.6125
392,AAPL,20140515,EPS,2,1.71,20150930,2.305
351,AAPL,20140619,EPS,1,1.58,20140930,1.6125
393,AAPL,20140619,EPS,2,1.72,20150930,2.305
352,AAPL,20140717,EPS,1,1.58,20140930,1.6125
394,AAPL,20140717,EPS,2,1.74,20150930,2.305
353,AAPL,20140814,EPS,1,1.58,20140930,1.6125
395,AAPL,20140814,EPS,2,1.76,20150930,2.305
354,AAPL,20140918,EPS,1,1.58,20140930,1.6125
396,AAPL,20140918,EPS,2,1.79,20150930,2.305
355,AAPL,20141016,EPS,1,1.58,20140930,1.6125
397,AAPL,20141016,EPS,2,1.83,20150930,2.305
374,AAPL,20141120,EPS,1,1.93,20150930,2.305
416,AAPL,20141120,EPS,2,2.13,20160930,2.0775
375,AAPL,20141218,EPS,1,1.94,20150930,2.305
417,AAPL,20141218,EPS,2,2.14,20160930,2.0775
376,AAPL,20150115,EPS,1,1.95,20150930,2.305
418,AAPL,20150115,EPS,2,2.15,20160930,2.0775
377,AAPL,20150219,EPS,1,2.15,20150930,2.305
419,AAPL,20150219,EPS,2,2.29,20160930,2.0775
378,AAPL,20150319,EPS,1,2.15,20150930,2.305
420,AAPL,20150319,EPS,2,2.33,20160930,2.0775
379,AAPL,20150416,EPS,1,2.17,20150930,2.305
421,AAPL,20150416,EPS,2,2.34,20160930,2.0775
380,AAPL,20150514,EPS,1,2.25,20150930,2.305
422,AAPL,20150514,EPS,2,2.41,20160930,2.0775
381,AAPL,20150618,EPS,1,2.25,20150930,2.305
423,AAPL,20150618,EPS,2,2.43,20160930,2.0775
382,AAPL,20150716,EPS,1,2.27,20150930,2.305
424,AAPL,20150716,EPS,2,2.44,20160930,2.0775
383,AAPL,20150820,EPS,1,2.28,20150930,2.305
425,AAPL,20150820,EPS,2,2.44,20160930,2.0775
384,AAPL,20150917,EPS,1,2.28,20150930,2.305
426,AAPL,20150917,EPS,2,2.44,20160930,2.0775
385,AAPL,20151015,EPS,1,2.28,20150930,2.305
427,AAPL,20151015,EPS,2,2.45,20160930,2.0775
404,AAPL,20151119,EPS,1,2.46,20160930,2.0775
446,AAPL,20151119,EPS,2,2.7,20170930,2.3025
405,AAPL,20151217,EPS,1,2.44,20160930,2.0775
447,AAPL,20151217,EPS,2,2.68,20170930,2.3025
406,AAPL,20160114,EPS,1,2.39,20160930,2.0775
448,AAPL,20160114,EPS,2,2.62,20170930,2.3025
407,AAPL,20160218,EPS,1,2.27,20160930,2.0775
449,AAPL,20160218,EPS,2,2.5,20170930,2.3025
408,AAPL,20160317,EPS,1,2.26,20160930,2.0775
450,AAPL,20160317,EPS,2,2.5,20170930,2.3025
409,AAPL,20160414,EPS,1,2.26,20160930,2.0775
451,AAPL,20160414,EPS,2,2.5,20170930,2.3025
410,AAPL,20160519,EPS,1,2.07,20160930,2.0775
452,AAPL,20160519,EPS,2,2.29,20170930,2.3025
411,AAPL,20160616,EPS,1,2.07,20160930,2.0775
453,AAPL,20160616,EPS,2,2.27,20170930,2.3025
412,AAPL,20160714,EPS,1,2.06,20160930,2.0775
454,AAPL,20160714,EPS,2,2.24,20170930,2.3025
413,AAPL,20160818,EPS,1,2.07,20160930,2.0775
455,AAPL,20160818,EPS,2,2.22,20170930,2.3025
414,AAPL,20160915,EPS,1,2.07,20160930,2.0775
456,AAPL,20160915,EPS,2,2.23,20170930,2.3025
415,AAPL,20161020,EPS,1,2.07,20160930,2.0775
457,AAPL,20161020,EPS,2,2.24,20170930,2.3025
434,AAPL,20161117,EPS,1,2.26,20170930,2.3025
482,AAPL,20161117,EPS,2,2.52,20180930,2.9775
435,AAPL,20161215,EPS,1,2.25,20170930,2.3025
483,AAPL,20161215,EPS,2,2.51,20180930,2.9775
436,AAPL,20170119,EPS,1,2.24,20170930,2.3025
484,AAPL,20170119,EPS,2,2.52,20180930,2.9775
437,AAPL,20170216,EPS,1,2.23,20170930,2.3025
485,AAPL,20170216,EPS,2,2.53,20180930,2.9775
438,AAPL,20170316,EPS,1,2.23,20170930,2.3025
486,AAPL,20170316,EPS,2,2.54,20180930,2.9775
439,AAPL,20170420,EPS,1,2.24,20170930,2.3025
487,AAPL,20170420,EPS,2,2.57,20180930,2.9775
440,AAPL,20170518,EPS,1,2.23,20170930,2.3025
488,AAPL,20170518,EPS,2,2.61,20180930,2.9775
441,AAPL,20170615,EPS,1,2.23,20170930,2.3025
489,AAPL,20170615,EPS,2,2.63,20180930,2.9775
442,AAPL,20170720,EPS,1,2.22,20170930,2.3025
490,AAPL,20170720,EPS,2,2.66,20180930,2.9775
443,AAPL,20170817,EPS,1,2.25,20170930,2.3025
491,AAPL,20170817,EPS,2,2.69,20180930,2.9775
444,AAPL,20170914,EPS,1,2.25,20170930,2.3025
492,AAPL,20170914,EPS,2,2.74,20180930,2.9775
445,AAPL,20171019,EPS,1,2.25,20170930,2.3025
493,AAPL,20171019,EPS,2,2.77,20180930,2.9775
470,AAPL,20171116,EPS,1,2.86,20180930,2.9775
506,AAPL,20171116,EPS,2,3.01,20190930,2.9725
471,AAPL,20171214,EPS,1,2.87,20180930,2.9775
507,AAPL,20171214,EPS,2,3.05,20190930,2.9725
472,AAPL,20180118,EPS,1,2.87,20180930,2.9775
508,AAPL,20180118,EPS,2,3.06,20190930,2.9725
473,AAPL,20180215,EPS,1,2.89,20180930,2.9775
509,AAPL,20180215,EPS,2,3.3,20190930,2.9725
474,AAPL,20180315,EPS,1,2.87,20180930,2.9775
510,AAPL,20180315,EPS,2,3.3,20190930,2.9725
475,AAPL,20180419,EPS,1,2.86,20180930,2.9775
511,AAPL,20180419,EPS,2,3.27,20190930,2.9725
476,AAPL,20180517,EPS,1,2.87,20180930,2.9775
512,AAPL,20180517,EPS,2,3.32,20190930,2.9725
590,AAPL,20180517,EPS,5,3.55,20220930,6.11
477,AAPL,20180614,EPS,1,2.87,20180930,2.9775
513,AAPL,20180614,EPS,2,3.31,20190930,2.9725
591,AAPL,20180614,EPS,5,3.57,20220930,6.11
478,AAPL,20180719,EPS,1,2.87,20180930,2.9775
514,AAPL,20180719,EPS,2,3.32,20190930,2.9725
592,AAPL,20180719,EPS,5,3.57,20220930,6.11
479,AAPL,20180816,EPS,1,2.94,20180930,2.9775
515,AAPL,20180816,EPS,2,3.39,20190930,2.9725
593,AAPL,20180816,EPS,5,3.64,20220930,6.11
480,AAPL,20180920,EPS,1,2.94,20180930,2.9775
516,AAPL,20180920,EPS,2,3.42,20190930,2.9725
594,AAPL,20180920,EPS,5,4.04,20220930,6.11
481,AAPL,20181018,EPS,1,2.94,20180930,2.9775
517,AAPL,20181018,EPS,2,3.44,20190930,2.9725
595,AAPL,20181018,EPS,5,4.04,20220930,6.11
494,AAPL,20181115,EPS,1,3.37,20190930,2.9725
530,AAPL,20181115,EPS,2,3.71,20200930,3.28
495,AAPL,20181220,EPS,1,3.32,20190930,2.9725
531,AAPL,20181220,EPS,2,3.66,20200930,3.28
496,AAPL,20190117,EPS,1,3.05,20190930,2.9725
532,AAPL,20190117,EPS,2,3.4,20200930,3.28
497,AAPL,20190214,EPS,1,2.85,20190930,2.9725
533,AAPL,20190214,EPS,2,3.18,20200930,3.28
498,AAPL,20190314,EPS,1,2.85,20190930,2.9725
534,AAPL,20190314,EPS,2,3.19,20200930,3.28
499,AAPL,20190418,EPS,1,2.85,20190930,2.9725
535,AAPL,20190418,EPS,2,3.21,20200930,3.28
500,AAPL,20190516,EPS,1,2.87,20190930,2.9725
536,AAPL,20190516,EPS,2,3.2,20200930,3.28
501,AAPL,20190620,EPS,1,2.86,20190930,2.9725
537,AAPL,20190620,EPS,2,3.15,20200930,3.28
502,AAPL,20190718,EPS,1,2.86,20190930,2.9725
538,AAPL,20190718,EPS,2,3.15,20200930,3.28
503,AAPL,20190815,EPS,1,2.91,20190930,2.9725
539,AAPL,20190815,EPS,2,3.21,20200930,3.28
504,AAPL,20190919,EPS,1,2.91,20190930,2.9725
540,AAPL,20190919,EPS,2,3.18,20200930,3.28
505,AAPL,20191017,EPS,1,2.92,20190930,2.9725
541,AAPL,20191017,EPS,2,3.19,20200930,3.28
518,AAPL,20191114,EPS,1,3.25,20200930,3.28
554,AAPL,20191114,EPS,2,3.72,20210930,5.61
519,AAPL,20191219,EPS,1,3.27,20200930,3.28
555,AAPL,20191219,EPS,2,3.73,20210930,5.61
520,AAPL,20200116,EPS,1,3.29,20200930,3.28
556,AAPL,20200116,EPS,2,3.78,20210930,5.61
521,AAPL,20200220,EPS,1,3.43,20200930,3.28
557,AAPL,20200220,EPS,2,3.92,20210930,5.61
522,AAPL,20200319,EPS,1,3.29,20200930,3.28
558,AAPL,20200319,EPS,2,3.86,20210930,5.61
523,AAPL,20200416,EPS,1,3.11,20200930,3.28
559,AAPL,20200416,EPS,2,3.73,20210930,5.61
524,AAPL,20200514,EPS,1,3.09,20200930,3.28
560,AAPL,20200514,EPS,2,3.7,20210930,5.61
525,AAPL,20200618,EPS,1,3.1,20200930,3.28
561,AAPL,20200618,EPS,2,3.72,20210930,5.61
526,AAPL,20200716,EPS,1,3.1,20200930,3.28
562,AAPL,20200716,EPS,2,3.73,20210930,5.61
527,AAPL,20200820,EPS,1,3.25,20200930,3.28
563,AAPL,20200820,EPS,2,3.87,20210930,5.61
528,AAPL,20200917,EPS,1,3.24,20200930,3.28
564,AAPL,20200917,EPS,2,3.87,20210930,5.61
529,AAPL,20201015,EPS,1,3.24,20200930,3.28
565,AAPL,20201015,EPS,2,3.87,20210930,5.61
542,AAPL,20201119,EPS,1,3.96,20210930,5.61
578,AAPL,20201119,EPS,2,4.33,20220930,6.11
543,AAPL,20201217,EPS,1,3.96,20210930,5.61
579,AAPL,20201217,EPS,2,4.34,20220930,6.11
544,AAPL,20210114,EPS,1,4.0,20210930,5.61
580,AAPL,20210114,EPS,2,4.36,20220930,6.11
545,AAPL,20210218,EPS,1,4.45,20210930,5.61
581,AAPL,20210218,EPS,2,4.68,20220930,6.11
546,AAPL,20210318,EPS,1,4.45,20210930,5.61
582,AAPL,20210318,EPS,2,4.68,20220930,6.11
547,AAPL,20210415,EPS,1,4.46,20210930,5.61
583,AAPL,20210415,EPS,2,4.7,20220930,6.11
548,AAPL,20210520,EPS,1,5.2,20210930,5.61
584,AAPL,20210520,EPS,2,5.36,20220930,6.11
549,AAPL,20210617,EPS,1,5.19,20210930,5.61
585,AAPL,20210617,EPS,2,5.35,20220930,6.11
550,AAPL,20210715,EPS,1,5.18,20210930,5.61
586,AAPL,20210715,EPS,2,5.35,20220930,6.11
551,AAPL,20210819,EPS,1,5.59,20210930,5.61
587,AAPL,20210819,EPS,2,5.67,20220930,6.11
552,AAPL,20210916,EPS,1,5.6,20210930,5.61
588,AAPL,20210916,EPS,2,5.72,20220930,6.11
553,AAPL,20211014,EPS,1,5.6,20210930,5.61
589,AAPL,20211014,EPS,2,5.68,20220930,6.11
566,AAPL,20211118,EPS,1,5.75,20220930,6.11
567,AAPL,20211216,EPS,1,5.74,20220930,6.11
886,AMZN,20100114,EPS,1,0.09,20091231,0.102
924,AMZN,20100114,EPS,2,0.13,20101231,0.1265
1041,AMZN,20100114,EPS,5,0.28,20131231,0.0295
901,AMZN,20100218,EPS,1,0.15,20101231,0.1265
949,AMZN,20100218,EPS,2,0.19,20111231,0.0685
1066,AMZN,20100218,EPS,5,0.4,20141231,-0.026
902,AMZN,20100318,EPS,1,0.15,20101231,0.1265
950,AMZN,20100318,EPS,2,0.19,20111231,0.0685
1067,AMZN,20100318,EPS,5,0.4,20141231,-0.026
903,AMZN,20100415,EPS,1,0.14,20101231,0.1265
951,AMZN,20100415,EPS,2,0.19,20111231,0.0685
1068,AMZN,20100415,EPS,5,0.4,20141231,-0.026
904,AMZN,20100520,EPS,1,0.15,20101231,0.1265
952,AMZN,20100520,EPS,2,0.2,20111231,0.0685
1069,AMZN,20100520,EPS,5,0.4,20141231,-0.026
905,AMZN,20100617,EPS,1,0.15,20101231,0.1265
953,AMZN,20100617,EPS,2,0.19,20111231,0.0685
1070,AMZN,20100617,EPS,5,0.39,20141231,-0.026
906,AMZN,20100715,EPS,1,0.15,20101231,0.1265
954,AMZN,20100715,EPS,2,0.19,20111231,0.0685
1071,AMZN,20100715,EPS,5,0.38,20141231,-0.026
907,AMZN,20100819,EPS,1,0.13,20101231,0.1265
955,AMZN,20100819,EPS,2,0.18,20111231,0.0685
1072,AMZN,20100819,EPS,5,0.36,20141231,-0.026
908,AMZN,20100916,EPS,1,0.13,20101231,0.1265
956,AMZN,20100916,EPS,2,0.18,20111231,0.0685
1073,AMZN,20100916,EPS,5,0.33,20141231,-0.026
909,AMZN,20101014,EPS,1,0.13,20101231,0.1265
957,AMZN,20101014,EPS,2,0.18,20111231,0.0685
1074,AMZN,20101014,EPS,5,0.33,20141231,-0.026
910,AMZN,20101118,EPS,1,0.13,20101231,0.1265
958,AMZN,20101118,EPS,2,0.17,20111231,0.0685
1075,AMZN,20101118,EPS,5,0.39,20141231,-0.026
911,AMZN,20101216,EPS,1,0.13,20101231,0.1265
959,AMZN,20101216,EPS,2,0.17,20111231,0.0685
1076,AMZN,20101216,EPS,5,0.39,20141231,-0.026
912,AMZN,20110120,EPS,1,0.13,20101231,0.1265
960,AMZN,20110120,EPS,2,0.17,20111231,0.0685
1077,AMZN,20110120,EPS,5,0.45,20141231,-0.026
937,AMZN,20110217,EPS,1,0.16,20111231,0.0685
985,AMZN,20110217,EPS,2,0.22,20121231,-0.0045
1102,AMZN,20110217,EPS,5,0.58,20151231,0.0625
938,AMZN,20110317,EPS,1,0.16,20111231,0.0685
986,AMZN,20110317,EPS,2,0.22,20121231,-0.0045
1103,AMZN,20110317,EPS,5,0.58,20151231,0.0625
939,AMZN,20110414,EPS,1,0.16,20111231,0.0685
987,AMZN,20110414,EPS,2,0.22,20121231,-0.0045
1104,AMZN,20110414,EPS,5,0.58,20151231,0.0625
940,AMZN,20110519,EPS,1,0.12,20111231,0.0685
988,AMZN,20110519,EPS,2,0.19,20121231,-0.0045
1105,AMZN,20110519,EPS,5,0.52,20151231,0.0625
941,AMZN,20110616,EPS,1,0.12,20111231,0.0685
989,AMZN,20110616,EPS,2,0.19,20121231,-0.0045
1106,AMZN,20110616,EPS,5,0.52,20151231,0.0625
942,AMZN,20110714,EPS,1,0.12,20111231,0.0685
990,AMZN,20110714,EPS,2,0.19,20121231,-0.0045
1107,AMZN,20110714,EPS,5,0.52,20151231,0.0625
943,AMZN,20110818,EPS,1,0.1,20111231,0.0685
991,AMZN,20110818,EPS,2,0.16,20121231,-0.0045
1108,AMZN,20110818,EPS,5,0.62,20151231,0.0625
944,AMZN,20110915,EPS,1,0.1,20111231,0.0685
992,AMZN,20110915,EPS,2,0.16,20121231,-0.0045
1109,AMZN,20110915,EPS,5,0.62,20151231,0.0625
945,AMZN,20111020,EPS,1,0.1,20111231,0.0685
993,AMZN,20111020,EPS,2,0.16,20121231,-0.0045
1110,AMZN,20111020,EPS,5,0.57,20151231,0.0625
946,AMZN,20111117,EPS,1,0.06,20111231,0.0685
994,AMZN,20111117,EPS,2,0.1,20121231,-0.0045
1111,AMZN,20111117,EPS,5,0.44,20151231,0.0625
947,AMZN,20111215,EPS,1,0.06,20111231,0.0685
995,AMZN,20111215,EPS,2,0.1,20121231,-0.0045
1112,AMZN,20111215,EPS,5,0.44,20151231,0.0625
948,AMZN,20120119,EPS,1,0.06,20111231,0.0685
996,AMZN,20120119,EPS,2,0.09,20121231,-0.0045
1113,AMZN,20120119,EPS,5,0.44,20151231,0.0625
973,AMZN,20120216,EPS,1,0.06,20121231,-0.0045
1018,AMZN,20120216,EPS,2,0.13,20131231,0.0295
1138,AMZN,20120216,EPS,5,0.41,20161231,0.245
974,AMZN,20120315,EPS,1,0.06,20121231,-0.0045
1019,AMZN,20120315,EPS,2,0.13,20131231,0.0295
1139,AMZN,20120315,EPS,5,0.41,20161231,0.245
975,AMZN,20120419,EPS,1,0.06,20121231,-0.0045
1020,AMZN,20120419,EPS,2,0.13,20131231,0.0295
1140,AMZN,20120419,EPS,5,0.41,20161231,0.245
976,AMZN,20120517,EPS,1,0.06,20121231,-0.0045
1021,AMZN,20120517,EPS,2,0.13,20131231,0.0295
1141,AMZN,20120517,EPS,5,0.45,20161231,0.245
977,AMZN,20120614,EPS,1,0.06,20121231,-0.0045
1022,AMZN,20120614,EPS,2,0.13,20131231,0.0295
1142,AMZN,20120614,EPS,5,0.5,20161231,0.245
978,AMZN,20120719,EPS,1,0.06,20121231,-0.0045
1023,AMZN,20120719,EPS,2,0.13,20131231,0.0295
1143,AMZN,20120719,EPS,5,0.52,20161231,0.245
979,AMZN,20120816,EPS,1,0.04,20121231,-0.0045
1024,AMZN,20120816,EPS,2,0.12,20131231,0.0295
1144,AMZN,20120816,EPS,5,0.59,20161231,0.245
980,AMZN,20120920,EPS,1,0.04,20121231,-0.0045
1025,AMZN,20120920,EPS,2,0.12,20131231,0.0295
1145,AMZN,20120920,EPS,5,0.57,20161231,0.245
981,AMZN,20121018,EPS,1,0.03,20121231,-0.0045
1026,AMZN,20121018,EPS,2,0.12,20131231,0.0295
1146,AMZN,20121018,EPS,5,0.57,20161231,0.245
982,AMZN,20121115,EPS,1,0.0,20121231,-0.0045
1027,AMZN,20121115,EPS,2,0.09,20131231,0.0295
1147,AMZN,20121115,EPS,5,0.54,20161231,0.245
983,AMZN,20121220,EPS,1,0.0,20121231,-0.0045
1028,AMZN,20121220,EPS,2,0.09,20131231,0.0295
1148,AMZN,20121220,EPS,5,0.58,20161231,0.245
984,AMZN,20130117,EPS,1,0.0,20121231,-0.0045
1029,AMZN,20130117,EPS,2,0.09,20131231,0.0295
1149,AMZN,20130117,EPS,5,0.58,20161231,0.245
1006,AMZN,20130214,EPS,1,0.07,20131231,0.0295
1054,AMZN,20130214,EPS,2,0.18,20141231,-0.026
1174,AMZN,20130214,EPS,5,0.86,20171231,0.228
1007,AMZN,20130314,EPS,1,0.07,20131231,0.0295
1055,AMZN,20130314,EPS,2,0.18,20141231,-0.026
1175,AMZN,20130314,EPS,5,0.86,20171231,0.228
1008,AMZN,20130418,EPS,1,0.07,20131231,0.0295
1056,AMZN,20130418,EPS,2,0.18,20141231,-0.026
1176,AMZN,20130418,EPS,5,0.86,20171231,0.228
1009,AMZN,20130516,EPS,1,0.07,20131231,0.0295
1057,AMZN,20130516,EPS,2,0.16,20141231,-0.026
1177,AMZN,20130516,EPS,5,0.77,20171231,0.228
1010,AMZN,20130620,EPS,1,0.06,20131231,0.0295
1058,AMZN,20130620,EPS,2,0.16,20141231,-0.026
1178,AMZN,20130620,EPS,5,0.77,20171231,0.228
1011,AMZN,20130718,EPS,1,0.06,20131231,0.0295
1059,AMZN,20130718,EPS,2,0.16,20141231,-0.026
1179,AMZN,20130718,EPS,5,0.71,20171231,0.228
1012,AMZN,20130815,EPS,1,0.04,20131231,0.0295
1060,AMZN,20130815,EPS,2,0.14,20141231,-0.026
1180,AMZN,20130815,EPS,5,0.72,20171231,0.228
1013,AMZN,20130919,EPS,1,0.04,20131231,0.0295
1061,AMZN,20130919,EPS,2,0.14,20141231,-0.026
1181,AMZN,20130919,EPS,5,0.72,20171231,0.228
1014,AMZN,20131017,EPS,1,0.04,20131231,0.0295
1062,AMZN,20131017,EPS,2,0.14,20141231,-0.026
1182,AMZN,20131017,EPS,5,0.72,20171231,0.228
1015,AMZN,20131114,EPS,1,0.04,20131231,0.0295
1063,AMZN,20131114,EPS,2,0.13,20141231,-0.026
1183,AMZN,20131114,EPS,5,0.74,20171231,0.228
1016,AMZN,20131219,EPS,1,0.04,20131231,0.0295
1064,AMZN,20131219,EPS,2,0.13,20141231,-0.026
1184,AMZN,20131219,EPS,5,0.75,20171231,0.228
1017,AMZN,20140116,EPS,1,0.04,20131231,0.0295
1065,AMZN,20140116,EPS,2,0.13,20141231,-0.026
1185,AMZN,20140116,EPS,5,0.78,20171231,0.228
1042,AMZN,20140220,EPS,1,0.1,20141231,-0.026
1090,AMZN,20140220,EPS,2,0.21,20151231,0.0625
1210,AMZN,20140220,EPS,5,1.08,20181231,1.007
1043,AMZN,20140320,EPS,1,0.1,20141231,-0.026
1091,AMZN,20140320,EPS,2,0.21,20151231,0.0625
1211,AMZN,20140320,EPS,5,1.09,20181231,1.007
1044,AMZN,20140417,EPS,1,0.1,20141231,-0.026
1092,AMZN,20140417,EPS,2,0.21,20151231,0.0625
1212,AMZN,20140417,EPS,5,1.12,20181231,1.007
1045,AMZN,20140515,EPS,1,0.05,20141231,-0.026
1093,AMZN,20140515,EPS,2,0.17,20151231,0.0625
1213,AMZN,20140515,EPS,5,0.97,20181231,1.007
1046,AMZN,20140619,EPS,1,0.05,20141231,-0.026
1094,AMZN,20140619,EPS,2,0.16,20151231,0.0625
1214,AMZN,20140619,EPS,5,0.92,20181231,1.007
1047,AMZN,20140717,EPS,1,0.05,20141231,-0.026
1095,AMZN,20140717,EPS,2,0.15,20151231,0.0625
1215,AMZN,20140717,EPS,5,0.92,20181231,1.007
1048,AMZN,20140814,EPS,1,-0.01,20141231,-0.026
1096,AMZN,20140814,EPS,2,0.1,20151231,0.0625
1216,AMZN,20140814,EPS,5,0.74,20181231,1.007
1049,AMZN,20140918,EPS,1,-0.01,20141231,-0.026
1097,AMZN,20140918,EPS,2,0.1,20151231,0.0625
1217,AMZN,20140918,EPS,5,0.74,20181231,1.007
1050,AMZN,20141016,EPS,1,-0.01,20141231,-0.026
1098,AMZN,20141016,EPS,2,0.09,20151231,0.0625
1218,AMZN,20141016,EPS,5,0.73,20181231,1.007
1051,AMZN,20141120,EPS,1,-0.04,20141231,-0.026
1099,AMZN,20141120,EPS,2,0.04,20151231,0.0625
1219,AMZN,20141120,EPS,5,0.67,20181231,1.007
1052,AMZN,20141218,EPS,1,-0.04,20141231,-0.026
1100,AMZN,20141218,EPS,2,0.04,20151231,0.0625
1220,AMZN,20141218,EPS,5,0.67,20181231,1.007
1053,AMZN,20150115,EPS,1,-0.04,20141231,-0.026
1101,AMZN,20150115,EPS,2,0.04,20151231,0.0625
1221,AMZN,20150115,EPS,5,0.66,20181231,1.007
1078,AMZN,20150219,EPS,1,0.02,20151231,0.0625
1126,AMZN,20150219,EPS,2,0.11,20161231,0.245
1246,AMZN,20150219,EPS,5,0.75,20191231,1.1505
1079,AMZN,20150319,EPS,1,0.02,20151231,0.0625
1127,AMZN,20150319,EPS,2,0.11,20161231,0.245
1247,AMZN,20150319,EPS,5,0.75,20191231,1.1505
1080,AMZN,20150416,EPS,1,0.02,20151231,0.0625
1128,AMZN,20150416,EPS,2,0.11,20161231,0.245
1248,AMZN,20150416,EPS,5,0.75,20191231,1.1505
1081,AMZN,20150514,EPS,1,0.02,20151231,0.0625
1129,AMZN,20150514,EPS,2,0.13,20161231,0.245
1249,AMZN,20150514,EPS,5,0.8,20191231,1.1505
1082,AMZN,20150618,EPS,1,0.02,20151231,0.0625
1130,AMZN,20150618,EPS,2,0.13,20161231,0.245
1250,AMZN,20150618,EPS,5,0.84,20191231,1.1505
1083,AMZN,20150716,EPS,1,0.02,20151231,0.0625
1131,AMZN,20150716,EPS,2,0.14,20161231,0.245
1251,AMZN,20150716,EPS,5,0.84,20191231,1.1505
1084,AMZN,20150820,EPS,1,0.08,20151231,0.0625
1132,AMZN,20150820,EPS,2,0.25,20161231,0.245
1252,AMZN,20150820,EPS,5,1.11,20191231,1.1505
1085,AMZN,20150917,EPS,1,0.08,20151231,0.0625
1133,AMZN,20150917,EPS,2,0.24,20161231,0.245
1253,AMZN,20150917,EPS,5,1.13,20191231,1.1505
1086,AMZN,20151015,EPS,1,0.08,20151231,0.0625
1134,AMZN,20151015,EPS,2,0.24,20161231,0.245
1254,AMZN,20151015,EPS,5,1.13,20191231,1.1505
1087,AMZN,20151119,EPS,1,0.09,20151231,0.0625
1135,AMZN,20151119,EPS,2,0.28,20161231,0.245
1255,AMZN,20151119,EPS,5,1.24,20191231,1.1505
1088,AMZN,20151217,EPS,1,0.09,20151231,0.0625
1136,AMZN,20151217,EPS,2,0.28,20161231,0.245
1256,AMZN,20151217,EPS,5,1.24,20191231,1.1505
1089,AMZN,20160114,EPS,1,0.09,20151231,0.0625
1137,AMZN,20160114,EPS,2,0.28,20161231,0.245
1257,AMZN,20160114,EPS,5,1.24,20191231,1.1505
1114,AMZN,20160218,EPS,1,0.23,20161231,0.245
1162,AMZN,20160218,EPS,2,0.43,20171231,0.228
1282,AMZN,20160218,EPS,5,1.46,20201231,2.0915
1115,AMZN,20160317,EPS,1,0.23,20161231,0.245
1163,AMZN,20160317,EPS,2,0.43,20171231,0.228
1283,AMZN,20160317,EPS,5,1.44,20201231,2.0915
1116,AMZN,20160414,EPS,1,0.24,20161231,0.245
1164,AMZN,20160414,EPS,2,0.44,20171231,0.228
1284,AMZN,20160414,EPS,5,1.44,20201231,2.0915
1117,AMZN,20160519,EPS,1,0.27,20161231,0.245
1165,AMZN,20160519,EPS,2,0.49,20171231,0.228
1285,AMZN,20160519,EPS,5,1.48,20201231,2.0915
1118,AMZN,20160616,EPS,1,0.27,20161231,0.245
1166,AMZN,20160616,EPS,2,0.49,20171231,0.228
1286,AMZN,20160616,EPS,5,1.53,20201231,2.0915
1119,AMZN,20160714,EPS,1,0.27,20161231,0.245
1167,AMZN,20160714,EPS,2,0.49,20171231,0.228
1287,AMZN,20160714,EPS,5,1.42,20201231,2.0915
1120,AMZN,20160818,EPS,1,0.29,20161231,0.245
1168,AMZN,20160818,EPS,2,0.52,20171231,0.228
1288,AMZN,20160818,EPS,5,1.56,20201231,2.0915
1121,AMZN,20160915,EPS,1,0.29,20161231,0.245
1169,AMZN,20160915,EPS,2,0.52,20171231,0.228
1289,AMZN,20160915,EPS,5,1.6,20201231,2.0915
1122,AMZN,20161020,EPS,1,0.29,20161231,0.245
1170,AMZN,20161020,EPS,2,0.53,20171231,0.228
1290,AMZN,20161020,EPS,5,1.69,20201231,2.0915
1123,AMZN,20161117,EPS,1,0.24,20161231,0.245
1171,AMZN,20161117,EPS,2,0.45,20171231,0.228
1291,AMZN,20161117,EPS,5,1.59,20201231,2.0915
1124,AMZN,20161215,EPS,1,0.24,20161231,0.245
1172,AMZN,20161215,EPS,2,0.44,20171231,0.228
1292,AMZN,20161215,EPS,5,1.52,20201231,2.0915
1125,AMZN,20170119,EPS,1,0.24,20161231,0.245
1173,AMZN,20170119,EPS,2,0.44,20171231,0.228
1293,AMZN,20170119,EPS,5,1.52,20201231,2.0915
1150,AMZN,20170216,EPS,1,0.36,20171231,0.228
1198,AMZN,20170216,EPS,2,0.63,20181231,1.007
1318,AMZN,20170216,EPS,5,1.65,20211231,2.1395
1151,AMZN,20170316,EPS,1,0.35,20171231,0.228
1199,AMZN,20170316,EPS,2,0.62,20181231,1.007
1319,AMZN,20170316,EPS,5,1.65,20211231,2.1395
1152,AMZN,20170420,EPS,1,0.35,20171231,0.228
1200,AMZN,20170420,EPS,2,0.61,20181231,1.007
1320,AMZN,20170420,EPS,5,1.67,20211231,2.1395
1153,AMZN,20170518,EPS,1,0.33,20171231,0.228
1201,AMZN,20170518,EPS,2,0.56,20181231,1.007
1321,AMZN,20170518,EPS,5,1.75,20211231,2.1395
1154,AMZN,20170615,EPS,1,0.33,20171231,0.228
1202,AMZN,20170615,EPS,2,0.57,20181231,1.007
1322,AMZN,20170615,EPS,5,1.86,20211231,2.1395
1155,AMZN,20170720,EPS,1,0.33,20171231,0.228
1203,AMZN,20170720,EPS,2,0.57,20181231,1.007
1323,AMZN,20170720,EPS,5,1.86,20211231,2.1395
1156,AMZN,20170817,EPS,1,0.19,20171231,0.228
1204,AMZN,20170817,EPS,2,0.41,20181231,1.007
1324,AMZN,20170817,EPS,5,1.69,20211231,2.1395
1157,AMZN,20170914,EPS,1,0.2,20171231,0.228
1205,AMZN,20170914,EPS,2,0.4,20181231,1.007
1325,AMZN,20170914,EPS,5,1.94,20211231,2.1395
1158,AMZN,20171019,EPS,1,0.18,20171231,0.228
1206,AMZN,20171019,EPS,2,0.38,20181231,1.007
1326,AMZN,20171019,EPS,5,2.04,20211231,2.1395
1159,AMZN,20171116,EPS,1,0.22,20171231,0.228
1207,AMZN,20171116,EPS,2,0.4,20181231,1.007
1327,AMZN,20171116,EPS,5,1.75,20211231,2.1395
1160,AMZN,20171214,EPS,1,0.22,20171231,0.228
1208,AMZN,20171214,EPS,2,0.4,20181231,1.007
1328,AMZN,20171214,EPS,5,1.71,20211231,2.1395
1161,AMZN,20180118,EPS,1,0.22,20171231,0.228
1209,AMZN,20180118,EPS,2,0.4,20181231,1.007
1329,AMZN,20180118,EPS,5,1.72,20211231,2.1395
1186,AMZN,20180215,EPS,1,0.41,20181231,1.007
1234,AMZN,20180215,EPS,2,0.76,20191231,1.1505
1187,AMZN,20180315,EPS,1,0.42,20181231,1.007
1235,AMZN,20180315,EPS,2,0.77,20191231,1.1505
1188,AMZN,20180419,EPS,1,0.42,20181231,1.007
1236,AMZN,20180419,EPS,2,0.78,20191231,1.1505
1189,AMZN,20180517,EPS,1,0.63,20181231,1.007
1237,AMZN,20180517,EPS,2,0.99,20191231,1.1505
1190,AMZN,20180614,EPS,1,0.63,20181231,1.007
1238,AMZN,20180614,EPS,2,1.0,20191231,1.1505
1191,AMZN,20180719,EPS,1,0.63,20181231,1.007
1239,AMZN,20180719,EPS,2,1.01,20191231,1.1505
1192,AMZN,20180816,EPS,1,0.86,20181231,1.007
1240,AMZN,20180816,EPS,2,1.26,20191231,1.1505
1193,AMZN,20180920,EPS,1,0.87,20181231,1.007
1241,AMZN,20180920,EPS,2,1.28,20191231,1.1505
1194,AMZN,20181018,EPS,1,0.87,20181231,1.007
1242,AMZN,20181018,EPS,2,1.27,20191231,1.1505
1195,AMZN,20181115,EPS,1,0.98,20181231,1.007
1243,AMZN,20181115,EPS,2,1.32,20191231,1.1505
1196,AMZN,20181220,EPS,1,0.98,20181231,1.007
1244,AMZN,20181220,EPS,2,1.32,20191231,1.1505
1197,AMZN,20190117,EPS,1,0.98,20181231,1.007
1245,AMZN,20190117,EPS,2,1.34,20191231,1.1505
1222,AMZN,20190214,EPS,1,1.35,20191231,1.1505
1270,AMZN,20190214,EPS,2,1.95,20201231,2.0915
1223,AMZN,20190314,EPS,1,1.35,20191231,1.1505
1271,AMZN,20190314,EPS,2,1.96,20201231,2.0915
1224,AMZN,20190418,EPS,1,1.36,20191231,1.1505
1272,AMZN,20190418,EPS,2,1.97,20201231,2.0915
1225,AMZN,20190516,EPS,1,1.36,20191231,1.1505
1273,AMZN,20190516,EPS,2,1.91,20201231,2.0915
1226,AMZN,20190620,EPS,1,1.37,20191231,1.1505
1274,AMZN,20190620,EPS,2,1.92,20201231,2.0915
1227,AMZN,20190718,EPS,1,1.37,20191231,1.1505
1275,AMZN,20190718,EPS,2,1.92,20201231,2.0915
1228,AMZN,20190815,EPS,1,1.17,20191231,1.1505
1276,AMZN,20190815,EPS,2,1.66,20201231,2.0915
1229,AMZN,20190919,EPS,1,1.18,20191231,1.1505
1277,AMZN,20190919,EPS,2,1.68,20201231,2.0915
1230,AMZN,20191017,EPS,1,1.18,20191231,1.1505
1278,AMZN,20191017,EPS,2,1.67,20201231,2.0915
1231,AMZN,20191114,EPS,1,1.03,20191231,1.1505
1279,AMZN,20191114,EPS,2,1.36,20201231,2.0915
1232,AMZN,20191219,EPS,1,1.03,20191231,1.1505
1280,AMZN,20191219,EPS,2,1.35,20201231,2.0915
1233,AMZN,20200116,EPS,1,1.03,20191231,1.1505
1281,AMZN,20200116,EPS,2,1.34,20201231,2.0915
1258,AMZN,20200220,EPS,1,1.44,20201231,2.0915
1306,AMZN,20200220,EPS,2,2.01,20211231,2.1395
1259,AMZN,20200319,EPS,1,1.43,20201231,2.0915
1307,AMZN,20200319,EPS,2,2.01,20211231,2.1395
1260,AMZN,20200416,EPS,1,1.42,20201231,2.0915
1308,AMZN,20200416,EPS,2,1.99,20211231,2.1395
1261,AMZN,20200514,EPS,1,0.94,20201231,2.0915
1309,AMZN,20200514,EPS,2,1.87,20211231,2.1395
1262,AMZN,20200618,EPS,1,0.95,20201231,2.0915
1310,AMZN,20200618,EPS,2,1.88,20211231,2.1395
1263,AMZN,20200716,EPS,1,0.95,20201231,2.0915
1311,AMZN,20200716,EPS,2,1.87,20211231,2.1395
1264,AMZN,20200820,EPS,1,1.57,20201231,2.0915
1312,AMZN,20200820,EPS,2,2.21,20211231,2.1395
1265,AMZN,20200917,EPS,1,1.58,20201231,2.0915
1313,AMZN,20200917,EPS,2,2.21,20211231,2.1395
1266,AMZN,20201015,EPS,1,1.59,20201231,2.0915
1314,AMZN,20201015,EPS,2,2.22,20211231,2.1395
1267,AMZN,20201119,EPS,1,1.74,20201231,2.0915
1315,AMZN,20201119,EPS,2,2.27,20211231,2.1395
1268,AMZN,20201217,EPS,1,1.74,20201231,2.0915
1316,AMZN,20201217,EPS,2,2.27,20211231,2.1395
1269,AMZN,20210114,EPS,1,1.75,20201231,2.0915
1317,AMZN,20210114,EPS,2,2.27,20211231,2.1395
1294,AMZN,20210218,EPS,1,2.38,20211231,2.1395
1295,AMZN,20210318,EPS,1,2.38,20211231,2.1395
1296,AMZN,20210415,EPS,1,2.38,20211231,2.1395
1297,AMZN,20210520,EPS,1,2.81,20211231,2.1395
1298,AMZN,20210617,EPS,1,2.82,20211231,2.1395
1299,AMZN,20210715,EPS,1,2.79,20211231,2.1395
1300,AMZN,20210819,EPS,1,2.66,20211231,2.1395
1301,AMZN,20210916,EPS,1,2.66,20211231,2.1395
1302,AMZN,20211014,EPS,1,2.64,20211231,2.1395
1303,AMZN,20211118,EPS,1,2.05,20211231,2.1395
1304,AMZN,20211216,EPS,1,2.05,20211231,2.1395
1423,FBK,20120517,EPS,1,0.51,20121231,0.53
1444,FBK,20120517,EPS,2,0.62,20131231,0.88
1525,FBK,20120517,EPS,5,1.33,20161231,4.23
1424,FBK,20120614,EPS,1,0.54,20121231,0.53
1445,FBK,20120614,EPS,2,0.66,20131231,0.88
1526,FBK,20120614,EPS,5,1.52,20161231,4.23
1425,FBK,20120719,EPS,1,0.51,20121231,0.53
1446,FBK,20120719,EPS,2,0.65,20131231,0.88
1527,FBK,20120719,EPS,5,1.67,20161231,4.23
1426,FBK,20120816,EPS,1,0.49,20121231,0.53
1447,FBK,20120816,EPS,2,0.63,20131231,0.88
1528,FBK,20120816,EPS,5,1.59,20161231,4.23
1427,FBK,20120920,EPS,1,0.48,20121231,0.53
1448,FBK,20120920,EPS,2,0.63,20131231,0.88
1529,FBK,20120920,EPS,5,1.47,20161231,4.23
1428,FBK,20121018,EPS,1,0.48,20121231,0.53
1449,FBK,20121018,EPS,2,0.62,20131231,0.88
1530,FBK,20121018,EPS,5,1.45,20161231,4.23
1429,FBK,20121115,EPS,1,0.52,20121231,0.53
1450,FBK,20121115,EPS,2,0.64,20131231,0.88
1531,FBK,20121115,EPS,5,1.49,20161231,4.23
1430,FBK,20121220,EPS,1,0.51,20121231,0.53
1451,FBK,20121220,EPS,2,0.65,20131231,0.88
1532,FBK,20121220,EPS,5,1.43,20161231,4.23
1431,FBK,20130117,EPS,1,0.52,20121231,0.53
1452,FBK,20130117,EPS,2,0.66,20131231,0.88
1533,FBK,20130117,EPS,5,1.51,20161231,4.23
1432,FBK,20130214,EPS,1,0.57,20131231,0.88
1465,FBK,20130214,EPS,2,0.78,20141231,1.77
1558,FBK,20130214,EPS,5,2.1,20171231,6.16
1433,FBK,20130314,EPS,1,0.57,20131231,0.88
1466,FBK,20130314,EPS,2,0.78,20141231,1.77
1559,FBK,20130314,EPS,5,2.1,20171231,6.16
1434,FBK,20130418,EPS,1,0.57,20131231,0.88
1467,FBK,20130418,EPS,2,0.78,20141231,1.77
1560,FBK,20130418,EPS,5,2.11,20171231,6.16
1435,FBK,20130516,EPS,1,0.57,20131231,0.88
1468,FBK,20130516,EPS,2,0.77,20141231,1.77
1561,FBK,20130516,EPS,5,1.75,20171231,6.16
1436,FBK,20130620,EPS,1,0.57,20131231,0.88
1469,FBK,20130620,EPS,2,0.77,20141231,1.77
1562,FBK,20130620,EPS,5,1.75,20171231,6.16
1437,FBK,20130718,EPS,1,0.57,20131231,0.88
1470,FBK,20130718,EPS,2,0.78,20141231,1.77
1563,FBK,20130718,EPS,5,1.69,20171231,6.16
1438,FBK,20130815,EPS,1,0.71,20131231,0.88
1471,FBK,20130815,EPS,2,0.94,20141231,1.77
1564,FBK,20130815,EPS,5,1.95,20171231,6.16
1439,FBK,20130919,EPS,1,0.71,20131231,0.88
1472,FBK,20130919,EPS,2,0.95,20141231,1.77
1565,FBK,20130919,EPS,5,2.02,20171231,6.16
1440,FBK,20131017,EPS,1,0.72,20131231,0.88
1473,FBK,20131017,EPS,2,0.98,20141231,1.77
1566,FBK,20131017,EPS,5,2.33,20171231,6.16
1441,FBK,20131114,EPS,1,0.83,20131231,0.88
1474,FBK,20131114,EPS,2,1.12,20141231,1.77
1567,FBK,20131114,EPS,5,2.6,20171231,6.16
1442,FBK,20131219,EPS,1,0.83,20131231,0.88
1475,FBK,20131219,EPS,2,1.13,20141231,1.77
1568,FBK,20131219,EPS,5,2.65,20171231,6.16
1443,FBK,20140116,EPS,1,0.84,20131231,0.88
1476,FBK,20140116,EPS,2,1.13,20141231,1.77
1569,FBK,20140116,EPS,5,2.78,20171231,6.16
1453,FBK,20140220,EPS,1,1.26,20141231,1.77
1489,FBK,20140220,EPS,2,1.68,20151231,2.28
1594,FBK,20140220,EPS,5,3.99,20181231,7.57
1454,FBK,20140320,EPS,1,1.26,20141231,1.77
1490,FBK,20140320,EPS,2,1.68,20151231,2.28
1595,FBK,20140320,EPS,5,3.91,20181231,7.57
1455,FBK,20140417,EPS,1,1.26,20141231,1.77
1491,FBK,20140417,EPS,2,1.68,20151231,2.28
1596,FBK,20140417,EPS,5,3.89,20181231,7.57
1456,FBK,20140515,EPS,1,1.43,20141231,1.77
1492,FBK,20140515,EPS,2,1.83,20151231,2.28
1597,FBK,20140515,EPS,5,4.29,20181231,7.57
1457,FBK,20140619,EPS,1,1.43,20141231,1.77
1493,FBK,20140619,EPS,2,1.83,20151231,2.28
1598,FBK,20140619,EPS,5,4.29,20181231,7.57
1458,FBK,20140717,EPS,1,1.43,20141231,1.77
1494,FBK,20140717,EPS,2,1.84,20151231,2.28
1599,FBK,20140717,EPS,5,4.33,20181231,7.57
1459,FBK,20140814,EPS,1,1.62,20141231,1.77
1495,FBK,20140814,EPS,2,2.02,20151231,2.28
1600,FBK,20140814,EPS,5,4.53,20181231,7.57
1460,FBK,20140918,EPS,1,1.62,20141231,1.77
1496,FBK,20140918,EPS,2,2.02,20151231,2.28
1601,FBK,20140918,EPS,5,4.54,20181231,7.57
1461,FBK,20141016,EPS,1,1.63,20141231,1.77
1497,FBK,20141016,EPS,2,2.04,20151231,2.28
1602,FBK,20141016,EPS,5,4.6,20181231,7.57
1462,FBK,20141120,EPS,1,1.69,20141231,1.77
1498,FBK,20141120,EPS,2,1.91,20151231,2.28
1603,FBK,20141120,EPS,5,4.52,20181231,7.57
1463,FBK,20141218,EPS,1,1.69,20141231,1.77
1499,FBK,20141218,EPS,2,1.91,20151231,2.28
1604,FBK,20141218,EPS,5,4.47,20181231,7.57
1464,FBK,20150115,EPS,1,1.69,20141231,1.77
1500,FBK,20150115,EPS,2,1.91,20151231,2.28
1605,FBK,20150115,EPS,5,4.64,20181231,7.57
1477,FBK,20150219,EPS,1,1.95,20151231,2.28
1513,FBK,20150219,EPS,2,2.57,20161231,4.23
1630,FBK,20150219,EPS,5,5.75,20191231,6.43
1478,FBK,20150319,EPS,1,1.95,20151231,2.28
1514,FBK,20150319,EPS,2,2.57,20161231,4.23
1631,FBK,20150319,EPS,5,5.78,20191231,6.43
1479,FBK,20150416,EPS,1,1.96,20151231,2.28
1515,FBK,20150416,EPS,2,2.59,20161231,4.23
1632,FBK,20150416,EPS,5,5.78,20191231,6.43
1480,FBK,20150514,EPS,1,2.0,20151231,2.28
1516,FBK,20150514,EPS,2,2.63,20161231,4.23
1633,FBK,20150514,EPS,5,5.36,20191231,6.43
1481,FBK,20150618,EPS,1,2.0,20151231,2.28
1517,FBK,20150618,EPS,2,2.65,20161231,4.23
1634,FBK,20150618,EPS,5,5.35,20191231,6.43
1482,FBK,20150716,EPS,1,2.01,20151231,2.28
1518,FBK,20150716,EPS,2,2.66,20161231,4.23
1635,FBK,20150716,EPS,5,5.37,20191231,6.43
1483,FBK,20150820,EPS,1,2.07,20151231,2.28
1519,FBK,20150820,EPS,2,2.75,20161231,4.23
1636,FBK,20150820,EPS,5,5.8,20191231,6.43
1484,FBK,20150917,EPS,1,2.07,20151231,2.28
1520,FBK,20150917,EPS,2,2.75,20161231,4.23
1637,FBK,20150917,EPS,5,5.74,20191231,6.43
1485,FBK,20151015,EPS,1,2.07,20151231,2.28
1521,FBK,20151015,EPS,2,2.75,20161231,4.23
1638,FBK,20151015,EPS,5,5.77,20191231,6.43
1486,FBK,20151119,EPS,1,2.16,20151231,2.28
1522,FBK,20151119,EPS,2,2.85,20161231,4.23
1639,FBK,20151119,EPS,5,5.92,20191231,6.43
1487,FBK,20151217,EPS,1,2.17,20151231,2.28
1523,FBK,20151217,EPS,2,2.86,20161231,4.23
1640,FBK,20151217,EPS,5,5.92,20191231,6.43
1488,FBK,20160114,EPS,1,2.17,20151231,2.28
1524,FBK,20160114,EPS,2,2.88,20161231,4.23
1641,FBK,20160114,EPS,5,5.92,20191231,6.43
1501,FBK,20160218,EPS,1,3.13,20161231,4.23
1546,FBK,20160218,EPS,2,4.13,20171231,6.16
1666,FBK,20160218,EPS,5,8.26,20201231,10.09
1502,FBK,20160317,EPS,1,3.14,20161231,4.23
1547,FBK,20160317,EPS,2,4.13,20171231,6.16
1667,FBK,20160317,EPS,5,8.31,20201231,10.09
1503,FBK,20160414,EPS,1,3.14,20161231,4.23
1548,FBK,20160414,EPS,2,4.14,20171231,6.16
1668,FBK,20160414,EPS,5,8.31,20201231,10.09
1504,FBK,20160519,EPS,1,3.57,20161231,4.23
1549,FBK,20160519,EPS,2,4.55,20171231,6.16
1669,FBK,20160519,EPS,5,8.95,20201231,10.09
1505,FBK,20160616,EPS,1,3.58,20161231,4.23
1550,FBK,20160616,EPS,2,4.59,20171231,6.16
1670,FBK,20160616,EPS,5,8.95,20201231,10.09
1506,FBK,20160714,EPS,1,3.57,20161231,4.23
1551,FBK,20160714,EPS,2,4.62,20171231,6.16
1671,FBK,20160714,EPS,5,9.12,20201231,10.09
1507,FBK,20160818,EPS,1,3.94,20161231,4.23
1552,FBK,20160818,EPS,2,5.04,20171231,6.16
1672,FBK,20160818,EPS,5,9.6,20201231,10.09
1508,FBK,20160915,EPS,1,3.94,20161231,4.23
1553,FBK,20160915,EPS,2,5.06,20171231,6.16
1673,FBK,20160915,EPS,5,9.6,20201231,10.09
1509,FBK,20161020,EPS,1,3.94,20161231,4.23
1554,FBK,20161020,EPS,2,5.08,20171231,6.16
1674,FBK,20161020,EPS,5,9.71,20201231,10.09
1510,FBK,20161117,EPS,1,4.09,20161231,4.23
1555,FBK,20161117,EPS,2,5.2,20171231,6.16
1675,FBK,20161117,EPS,5,9.51,20201231,10.09
1511,FBK,20161215,EPS,1,4.09,20161231,4.23
1556,FBK,20161215,EPS,2,5.19,20171231,6.16
1676,FBK,20161215,EPS,5,9.51,20201231,10.09
1512,FBK,20170119,EPS,1,4.1,20161231,4.23
1557,FBK,20170119,EPS,2,5.18,20171231,6.16
1677,FBK,20170119,EPS,5,9.72,20201231,10.09
1534,FBK,20170216,EPS,1,5.41,20171231,6.16
1582,FBK,20170216,EPS,2,6.69,20181231,7.57
1702,FBK,20170216,EPS,5,11.08,20211231,13.77
1535,FBK,20170316,EPS,1,5.4,20171231,6.16
1583,FBK,20170316,EPS,2,6.69,20181231,7.57
1703,FBK,20170316,EPS,5,11.08,20211231,13.77
1536,FBK,20170420,EPS,1,5.42,20171231,6.16
1584,FBK,20170420,EPS,2,6.72,20181231,7.57
1704,FBK,20170420,EPS,5,11.09,20211231,13.77
1537,FBK,20170518,EPS,1,4.84,20171231,6.16
1585,FBK,20170518,EPS,2,5.99,20181231,7.57
1705,FBK,20170518,EPS,5,11.18,20211231,13.77
1538,FBK,20170615,EPS,1,4.84,20171231,6.16
1586,FBK,20170615,EPS,2,6.0,20181231,7.57
1706,FBK,20170615,EPS,5,11.18,20211231,13.77
1539,FBK,20170720,EPS,1,4.87,20171231,6.16
1587,FBK,20170720,EPS,2,6.04,20181231,7.57
1707,FBK,20170720,EPS,5,11.18,20211231,13.77
1540,FBK,20170817,EPS,1,5.33,20171231,6.16
1588,FBK,20170817,EPS,2,6.48,20181231,7.57
1708,FBK,20170817,EPS,5,11.94,20211231,13.77
1541,FBK,20170914,EPS,1,5.33,20171231,6.16
1589,FBK,20170914,EPS,2,6.48,20181231,7.57
1709,FBK,20170914,EPS,5,11.94,20211231,13.77
1542,FBK,20171019,EPS,1,5.34,20171231,6.16
1590,FBK,20171019,EPS,2,6.52,20181231,7.57
1710,FBK,20171019,EPS,5,11.99,20211231,13.77
1543,FBK,20171116,EPS,1,5.86,20171231,6.16
1591,FBK,20171116,EPS,2,6.62,20181231,7.57
1711,FBK,20171116,EPS,5,12.19,20211231,13.77
1544,FBK,20171214,EPS,1,5.86,20171231,6.16
1592,FBK,20171214,EPS,2,6.64,20181231,7.57
1712,FBK,20171214,EPS,5,12.21,20211231,13.77
1545,FBK,20180118,EPS,1,5.88,20171231,6.16
1593,FBK,20180118,EPS,2,6.71,20181231,7.57
1713,FBK,20180118,EPS,5,12.08,20211231,13.77
1570,FBK,20180215,EPS,1,7.25,20181231,7.57
1618,FBK,20180215,EPS,2,8.81,20191231,6.43
1571,FBK,20180315,EPS,1,7.26,20181231,7.57
1619,FBK,20180315,EPS,2,8.84,20191231,6.43
1572,FBK,20180419,EPS,1,7.25,20181231,7.57
1620,FBK,20180419,EPS,2,8.75,20191231,6.43
1573,FBK,20180517,EPS,1,7.64,20181231,7.57
1621,FBK,20180517,EPS,2,9.11,20191231,6.43
1574,FBK,20180614,EPS,1,7.65,20181231,7.57
1622,FBK,20180614,EPS,2,9.21,20191231,6.43
1575,FBK,20180719,EPS,1,7.67,20181231,7.57
1623,FBK,20180719,EPS,2,9.26,20191231,6.43
1576,FBK,20180816,EPS,1,7.21,20181231,7.57
1624,FBK,20180816,EPS,2,8.33,20191231,6.43
1577,FBK,20180920,EPS,1,7.21,20181231,7.57
1625,FBK,20180920,EPS,2,8.32,20191231,6.43
1578,FBK,20181018,EPS,1,7.21,20181231,7.57
1626,FBK,20181018,EPS,2,8.3,20191231,6.43
1579,FBK,20181115,EPS,1,7.37,20181231,7.57
1627,FBK,20181115,EPS,2,7.41,20191231,6.43
1580,FBK,20181220,EPS,1,7.39,20181231,7.57
1628,FBK,20181220,EPS,2,7.42,20191231,6.43
1581,FBK,20190117,EPS,1,7.39,20181231,7.57
1629,FBK,20190117,EPS,2,7.4,20191231,6.43
1606,FBK,20190214,EPS,1,7.59,20191231,6.43
1654,FBK,20190214,EPS,2,8.85,20201231,10.09
1607,FBK,20190314,EPS,1,7.56,20191231,6.43
1655,FBK,20190314,EPS,2,8.87,20201231,10.09
1608,FBK,20190418,EPS,1,7.56,20191231,6.43
1656,FBK,20190418,EPS,2,8.85,20201231,10.09
1609,FBK,20190516,EPS,1,7.06,20191231,6.43
1657,FBK,20190516,EPS,2,9.3,20201231,10.09
1610,FBK,20190620,EPS,1,7.11,20191231,6.43
1658,FBK,20190620,EPS,2,9.36,20201231,10.09
1611,FBK,20190718,EPS,1,7.1,20191231,6.43
1659,FBK,20190718,EPS,2,9.33,20201231,10.09
1612,FBK,20190815,EPS,1,6.35,20191231,6.43
1660,FBK,20190815,EPS,2,9.49,20201231,10.09
1613,FBK,20190919,EPS,1,6.28,20191231,6.43
1661,FBK,20190919,EPS,2,9.5,20201231,10.09
1614,FBK,20191017,EPS,1,6.28,20191231,6.43
1662,FBK,20191017,EPS,2,9.5,20201231,10.09
1615,FBK,20191114,EPS,1,6.47,20191231,6.43
1663,FBK,20191114,EPS,2,9.15,20201231,10.09
1616,FBK,20191219,EPS,1,6.46,20191231,6.43
1664,FBK,20191219,EPS,2,9.15,20201231,10.09
1617,FBK,20200116,EPS,1,6.41,20191231,6.43
1665,FBK,20200116,EPS,2,9.14,20201231,10.09
1642,FBK,20200220,EPS,1,9.11,20201231,10.09
1690,FBK,20200220,EPS,2,10.87,20211231,13.77
1643,FBK,20200319,EPS,1,9.02,20201231,10.09
1691,FBK,20200319,EPS,2,10.83,20211231,13.77
1644,FBK,20200416,EPS,1,7.89,20201231,10.09
1692,FBK,20200416,EPS,2,9.89,20211231,13.77
1645,FBK,20200514,EPS,1,7.25,20201231,10.09
1693,FBK,20200514,EPS,2,9.77,20211231,13.77
1646,FBK,20200618,EPS,1,7.27,20201231,10.09
1694,FBK,20200618,EPS,2,9.79,20211231,13.77
1647,FBK,20200716,EPS,1,7.26,20201231,10.09
1695,FBK,20200716,EPS,2,9.77,20211231,13.77
1648,FBK,20200820,EPS,1,8.0,20201231,10.09
1696,FBK,20200820,EPS,2,10.12,20211231,13.77
1649,FBK,20200917,EPS,1,8.03,20201231,10.09
1697,FBK,20200917,EPS,2,10.15,20211231,13.77
1650,FBK,20201015,EPS,1,8.05,20201231,10.09
1698,FBK,20201015,EPS,2,10.19,20211231,13.77
1651,FBK,20201119,EPS,1,9.37,20201231,10.09
1699,FBK,20201119,EPS,2,10.38,20211231,13.77
1652,FBK,20201217,EPS,1,9.35,20201231,10.09
1700,FBK,20201217,EPS,2,10.49,20211231,13.77
1653,FBK,20210114,EPS,1,9.35,20201231,10.09
1701,FBK,20210114,EPS,2,10.5,20211231,13.77
1678,FBK,20210218,EPS,1,11.32,20211231,13.77
1679,FBK,20210318,EPS,1,11.33,20211231,13.77
1680,FBK,20210415,EPS,1,11.31,20211231,13.77
1681,FBK,20210520,EPS,1,13.15,20211231,13.77
1682,FBK,20210617,EPS,1,13.12,20211231,13.77
1683,FBK,20210715,EPS,1,13.12,20211231,13.77
1684,FBK,20210819,EPS,1,14.08,20211231,13.77
1685,FBK,20210916,EPS,1,14.14,20211231,13.77
1686,FBK,20211014,EPS,1,14.12,20211231,13.77
1687,FBK,20211118,EPS,1,13.93,20211231,13.77
1688,FBK,20211216,EPS,1,13.94,20211231,13.77
1898,GOOG,20100114,EPS,1,0.57,20091231,0.58
1945,GOOG,20100114,EPS,2,0.66,20101231,0.74
2064,GOOG,20100114,EPS,5,1.08,20131231,1.0973
1923,GOOG,20100218,EPS,1,0.68,20101231,0.74
1970,GOOG,20100218,EPS,2,0.78,20111231,0.901
2079,GOOG,20100218,EPS,5,1.21,20141231,1.279
1924,GOOG,20100318,EPS,1,0.68,20101231,0.74
1971,GOOG,20100318,EPS,2,0.78,20111231,0.901
2080,GOOG,20100318,EPS,5,1.21,20141231,1.279
1925,GOOG,20100415,EPS,1,0.69,20101231,0.74
1972,GOOG,20100415,EPS,2,0.78,20111231,0.901
2081,GOOG,20100415,EPS,5,1.22,20141231,1.279
1926,GOOG,20100520,EPS,1,0.69,20101231,0.74
1973,GOOG,20100520,EPS,2,0.8,20111231,0.901
2082,GOOG,20100520,EPS,5,1.27,20141231,1.279
1927,GOOG,20100617,EPS,1,0.69,20101231,0.74
1974,GOOG,20100617,EPS,2,0.8,20111231,0.901
2083,GOOG,20100617,EPS,5,1.24,20141231,1.279
1928,GOOG,20100715,EPS,1,0.69,20101231,0.74
1975,GOOG,20100715,EPS,2,0.79,20111231,0.901
2084,GOOG,20100715,EPS,5,1.24,20141231,1.279
1929,GOOG,20100819,EPS,1,0.68,20101231,0.74
1976,GOOG,20100819,EPS,2,0.78,20111231,0.901
2085,GOOG,20100819,EPS,5,1.25,20141231,1.279
1930,GOOG,20100916,EPS,1,0.68,20101231,0.74
1977,GOOG,20100916,EPS,2,0.78,20111231,0.901
2086,GOOG,20100916,EPS,5,1.28,20141231,1.279
1931,GOOG,20101014,EPS,1,0.68,20101231,0.74
1978,GOOG,20101014,EPS,2,0.79,20111231,0.901
2087,GOOG,20101014,EPS,5,1.24,20141231,1.279
1932,GOOG,20101118,EPS,1,0.72,20101231,0.74
1979,GOOG,20101118,EPS,2,0.83,20111231,0.901
2088,GOOG,20101118,EPS,5,1.3,20141231,1.279
1933,GOOG,20101216,EPS,1,0.72,20101231,0.74
1980,GOOG,20101216,EPS,2,0.84,20111231,0.901
2089,GOOG,20101216,EPS,5,1.3,20141231,1.279
1958,GOOG,20110120,EPS,1,0.84,20111231,0.901
2004,GOOG,20110120,EPS,2,0.97,20121231,0.9955
1959,GOOG,20110217,EPS,1,0.86,20111231,0.901
2005,GOOG,20110217,EPS,2,1.0,20121231,0.9955
2092,GOOG,20110217,EPS,5,1.55,20151231,1.4795
1960,GOOG,20110317,EPS,1,0.87,20111231,0.901
2006,GOOG,20110317,EPS,2,1.01,20121231,0.9955
2093,GOOG,20110317,EPS,5,1.55,20151231,1.4795
1961,GOOG,20110414,EPS,1,0.86,20111231,0.901
2007,GOOG,20110414,EPS,2,1.0,20121231,0.9955
2094,GOOG,20110414,EPS,5,1.56,20151231,1.4795
1962,GOOG,20110519,EPS,1,0.85,20111231,0.901
2008,GOOG,20110519,EPS,2,0.99,20121231,0.9955
2095,GOOG,20110519,EPS,5,1.51,20151231,1.4795
1963,GOOG,20110616,EPS,1,0.85,20111231,0.901
2009,GOOG,20110616,EPS,2,0.99,20121231,0.9955
2096,GOOG,20110616,EPS,5,1.51,20151231,1.4795
1964,GOOG,20110714,EPS,1,0.85,20111231,0.901
2010,GOOG,20110714,EPS,2,0.99,20121231,0.9955
2097,GOOG,20110714,EPS,5,1.57,20151231,1.4795
1965,GOOG,20110818,EPS,1,0.89,20111231,0.901
2011,GOOG,20110818,EPS,2,1.05,20121231,0.9955
2098,GOOG,20110818,EPS,5,1.72,20151231,1.4795
1966,GOOG,20110915,EPS,1,0.89,20111231,0.901
2012,GOOG,20110915,EPS,2,1.05,20121231,0.9955
2099,GOOG,20110915,EPS,5,1.72,20151231,1.4795
1967,GOOG,20111020,EPS,1,0.92,20111231,0.901
2013,GOOG,20111020,EPS,2,1.09,20121231,0.9955
2100,GOOG,20111020,EPS,5,1.84,20151231,1.4795
1968,GOOG,20111117,EPS,1,0.92,20111231,0.901
2014,GOOG,20111117,EPS,2,1.1,20121231,0.9955
2101,GOOG,20111117,EPS,5,1.84,20151231,1.4795
1969,GOOG,20111215,EPS,1,0.92,20111231,0.901
2015,GOOG,20111215,EPS,2,1.1,20121231,0.9955
2102,GOOG,20111215,EPS,5,1.84,20151231,1.4795
1991,GOOG,20120119,EPS,1,1.1,20121231,0.9955
2040,GOOG,20120119,EPS,2,1.29,20131231,1.0973
1992,GOOG,20120216,EPS,1,1.06,20121231,0.9955
2041,GOOG,20120216,EPS,2,1.25,20131231,1.0973
2103,GOOG,20120216,EPS,5,1.8,20161231,1.717
1993,GOOG,20120315,EPS,1,1.06,20121231,0.9955
2042,GOOG,20120315,EPS,2,1.24,20131231,1.0973
2104,GOOG,20120315,EPS,5,1.66,20161231,1.717
1994,GOOG,20120419,EPS,1,1.09,20121231,0.9955
2043,GOOG,20120419,EPS,2,1.27,20131231,1.0973
2105,GOOG,20120419,EPS,5,1.71,20161231,1.717
1995,GOOG,20120517,EPS,1,1.09,20121231,0.9955
2044,GOOG,20120517,EPS,2,1.27,20131231,1.0973
2106,GOOG,20120517,EPS,5,1.71,20161231,1.717
1996,GOOG,20120614,EPS,1,1.08,20121231,0.9955
2045,GOOG,20120614,EPS,2,1.26,20131231,1.0973
2107,GOOG,20120614,EPS,5,1.71,20161231,1.717
1997,GOOG,20120719,EPS,1,1.08,20121231,0.9955
2046,GOOG,20120719,EPS,2,1.26,20131231,1.0973
2108,GOOG,20120719,EPS,5,1.86,20161231,1.717
1998,GOOG,20120816,EPS,1,1.06,20121231,0.9955
2047,GOOG,20120816,EPS,2,1.23,20131231,1.0973
2109,GOOG,20120816,EPS,5,1.95,20161231,1.717
1999,GOOG,20120920,EPS,1,1.06,20121231,0.9955
2048,GOOG,20120920,EPS,2,1.24,20131231,1.0973
2110,GOOG,20120920,EPS,5,1.95,20161231,1.717
2000,GOOG,20121018,EPS,1,1.07,20121231,0.9955
2049,GOOG,20121018,EPS,2,1.24,20131231,1.0973
2111,GOOG,20121018,EPS,5,1.88,20161231,1.717
2001,GOOG,20121115,EPS,1,1.0,20121231,0.9955
2050,GOOG,20121115,EPS,2,1.16,20131231,1.0973
2112,GOOG,20121115,EPS,5,1.74,20161231,1.717
2002,GOOG,20121220,EPS,1,1.0,20121231,0.9955
2051,GOOG,20121220,EPS,2,1.16,20131231,1.0973
2113,GOOG,20121220,EPS,5,1.74,20161231,1.717
2003,GOOG,20130117,EPS,1,1.0,20121231,0.9955
2052,GOOG,20130117,EPS,2,1.15,20131231,1.0973
2114,GOOG,20130117,EPS,5,1.71,20161231,1.717
2028,GOOG,20130214,EPS,1,1.14,20131231,1.0973
2067,GOOG,20130214,EPS,2,1.33,20141231,1.279
2115,GOOG,20130214,EPS,5,1.88,20171231,1.6005
2029,GOOG,20130314,EPS,1,1.14,20131231,1.0973
2068,GOOG,20130314,EPS,2,1.33,20141231,1.279
2116,GOOG,20130314,EPS,5,1.89,20171231,1.6005
2030,GOOG,20130418,EPS,1,1.14,20131231,1.0973
2069,GOOG,20130418,EPS,2,1.34,20141231,1.279
2117,GOOG,20130418,EPS,5,1.94,20171231,1.6005
2031,GOOG,20130516,EPS,1,1.14,20131231,1.0973
2070,GOOG,20130516,EPS,2,1.33,20141231,1.279
2118,GOOG,20130516,EPS,5,1.99,20171231,1.6005
2032,GOOG,20130620,EPS,1,1.15,20131231,1.0973
2071,GOOG,20130620,EPS,2,1.33,20141231,1.279
2119,GOOG,20130620,EPS,5,2.05,20171231,1.6005
2033,GOOG,20130718,EPS,1,1.15,20131231,1.0973
2072,GOOG,20130718,EPS,2,1.33,20141231,1.279
2120,GOOG,20130718,EPS,5,2.04,20171231,1.6005
2034,GOOG,20130815,EPS,1,1.09,20131231,1.0973
2073,GOOG,20130815,EPS,2,1.28,20141231,1.279
2121,GOOG,20130815,EPS,5,2.02,20171231,1.6005
2035,GOOG,20130919,EPS,1,1.09,20131231,1.0973
2074,GOOG,20130919,EPS,2,1.28,20141231,1.279
2122,GOOG,20130919,EPS,5,2.02,20171231,1.6005
2036,GOOG,20131017,EPS,1,1.09,20131231,1.0973
2075,GOOG,20131017,EPS,2,1.28,20141231,1.279
2123,GOOG,20131017,EPS,5,2.01,20171231,1.6005
2037,GOOG,20131114,EPS,1,1.1,20131231,1.0973
2076,GOOG,20131114,EPS,2,1.3,20141231,1.279
2124,GOOG,20131114,EPS,5,2.04,20171231,1.6005
2038,GOOG,20131219,EPS,1,1.1,20131231,1.0973
2077,GOOG,20131219,EPS,2,1.3,20141231,1.279
2125,GOOG,20131219,EPS,5,2.04,20171231,1.6005
2039,GOOG,20140116,EPS,1,1.11,20131231,1.0973
2078,GOOG,20140116,EPS,2,1.31,20141231,1.279
2126,GOOG,20140116,EPS,5,2.06,20171231,1.6005
2065,GOOG,20140220,EPS,1,1.3,20141231,1.279
2090,GOOG,20140220,EPS,2,1.53,20151231,1.4795
2127,GOOG,20140220,EPS,5,1.95,20181231,2.185
2066,GOOG,20140320,EPS,1,1.29,20141231,1.279
2091,GOOG,20140320,EPS,2,1.52,20151231,1.4795
2128,GOOG,20140320,EPS,5,1.95,20181231,2.185
2129,GOOG,20141016,EPS,1,1.28,20141231,1.279
2142,GOOG,20141016,EPS,2,1.48,20151231,1.479
2130,GOOG,20141120,EPS,1,1.28,20141231,1.279
2143,GOOG,20141120,EPS,2,1.47,20151231,1.479
2131,GOOG,20141218,EPS,1,1.28,20141231,1.279
2144,GOOG,20141218,EPS,2,1.47,20151231,1.479
2132,GOOG,20150115,EPS,1,1.28,20141231,1.279
2145,GOOG,20150115,EPS,2,1.47,20151231,1.479
2133,GOOG,20150514,EPS,1,1.41,20151231,1.479
2158,GOOG,20150514,EPS,2,1.64,20161231,1.717
2239,GOOG,20150514,EPS,5,2.39,20191231,2.458
2134,GOOG,20150618,EPS,1,1.42,20151231,1.479
2159,GOOG,20150618,EPS,2,1.64,20161231,1.717
2240,GOOG,20150618,EPS,5,2.39,20191231,2.458
2135,GOOG,20150716,EPS,1,1.42,20151231,1.479
2160,GOOG,20150716,EPS,2,1.64,20161231,1.717
2241,GOOG,20150716,EPS,5,2.4,20191231,2.458
2136,GOOG,20150820,EPS,1,1.45,20151231,1.479
2161,GOOG,20150820,EPS,2,1.69,20161231,1.717
2242,GOOG,20150820,EPS,5,2.46,20191231,2.458
2137,GOOG,20150917,EPS,1,1.44,20151231,1.479
2162,GOOG,20150917,EPS,2,1.69,20161231,1.717
2243,GOOG,20150917,EPS,5,2.48,20191231,2.458
2138,GOOG,20151015,EPS,1,1.44,20151231,1.479
2163,GOOG,20151015,EPS,2,1.68,20161231,1.717
2244,GOOG,20151015,EPS,5,2.44,20191231,2.458
2139,GOOG,20151119,EPS,1,1.45,20151231,1.479
2164,GOOG,20151119,EPS,2,1.71,20161231,1.717
2245,GOOG,20151119,EPS,5,2.57,20191231,2.458
2140,GOOG,20151217,EPS,1,1.45,20151231,1.479
2165,GOOG,20151217,EPS,2,1.71,20161231,1.717
2246,GOOG,20151217,EPS,5,2.58,20191231,2.458
2141,GOOG,20160114,EPS,1,1.45,20151231,1.479
2166,GOOG,20160114,EPS,2,1.71,20161231,1.717
2247,GOOG,20160114,EPS,5,2.58,20191231,2.458
2146,GOOG,20160218,EPS,1,1.73,20161231,1.717
2179,GOOG,20160218,EPS,2,2.02,20171231,1.6125
2272,GOOG,20160218,EPS,5,3.0,20201231,2.9305
2147,GOOG,20160317,EPS,1,1.73,20161231,1.717
2180,GOOG,20160317,EPS,2,2.02,20171231,1.6125
2273,GOOG,20160317,EPS,5,2.99,20201231,2.9305
2148,GOOG,20160414,EPS,1,1.73,20161231,1.717
2181,GOOG,20160414,EPS,2,2.02,20171231,1.6125
2274,GOOG,20160414,EPS,5,2.99,20201231,2.9305
2149,GOOG,20160519,EPS,1,1.68,20161231,1.717
2182,GOOG,20160519,EPS,2,1.98,20171231,1.6125
2275,GOOG,20160519,EPS,5,2.95,20201231,2.9305
2150,GOOG,20160616,EPS,1,1.68,20161231,1.717
2183,GOOG,20160616,EPS,2,1.98,20171231,1.6125
2276,GOOG,20160616,EPS,5,2.95,20201231,2.9305
2151,GOOG,20160714,EPS,1,1.67,20161231,1.717
2184,GOOG,20160714,EPS,2,1.98,20171231,1.6125
2277,GOOG,20160714,EPS,5,3.0,20201231,2.9305
2152,GOOG,20160818,EPS,1,1.71,20161231,1.717
2185,GOOG,20160818,EPS,2,2.03,20171231,1.6125
2278,GOOG,20160818,EPS,5,2.91,20201231,2.9305
2153,GOOG,20160915,EPS,1,1.71,20161231,1.717
2186,GOOG,20160915,EPS,2,2.03,20171231,1.6125
2279,GOOG,20160915,EPS,5,2.91,20201231,2.9305
2154,GOOG,20161020,EPS,1,1.71,20161231,1.717
2187,GOOG,20161020,EPS,2,2.03,20171231,1.6125
2280,GOOG,20161020,EPS,5,3.01,20201231,2.9305
2155,GOOG,20161117,EPS,1,1.72,20161231,1.717
2188,GOOG,20161117,EPS,2,2.05,20171231,1.6125
2281,GOOG,20161117,EPS,5,3.0,20201231,2.9305
2156,GOOG,20161215,EPS,1,1.72,20161231,1.717
2189,GOOG,20161215,EPS,2,2.05,20171231,1.6125
2282,GOOG,20161215,EPS,5,3.04,20201231,2.9305
2157,GOOG,20170119,EPS,1,1.72,20161231,1.717
2190,GOOG,20170119,EPS,2,2.06,20171231,1.6125
2283,GOOG,20170119,EPS,5,3.09,20201231,2.9305
2167,GOOG,20170216,EPS,1,1.67,20171231,1.6125
2203,GOOG,20170216,EPS,2,1.94,20181231,2.185
2308,GOOG,20170216,EPS,5,2.83,20211231,5.61
2168,GOOG,20170316,EPS,1,1.67,20171231,1.6125
2204,GOOG,20170316,EPS,2,1.96,20181231,2.185
2309,GOOG,20170316,EPS,5,2.97,20211231,5.61
2169,GOOG,20170420,EPS,1,1.66,20171231,1.6125
2205,GOOG,20170420,EPS,2,1.96,20181231,2.185
2310,GOOG,20170420,EPS,5,2.96,20211231,5.61
2170,GOOG,20170518,EPS,1,1.69,20171231,1.6125
2206,GOOG,20170518,EPS,2,2.01,20181231,2.185
2311,GOOG,20170518,EPS,5,3.2,20211231,5.61
2171,GOOG,20170615,EPS,1,1.7,20171231,1.6125
2207,GOOG,20170615,EPS,2,2.01,20181231,2.185
2312,GOOG,20170615,EPS,5,3.05,20211231,5.61
2172,GOOG,20170720,EPS,1,1.69,20171231,1.6125
2208,GOOG,20170720,EPS,2,2.01,20181231,2.185
2313,GOOG,20170720,EPS,5,2.96,20211231,5.61
2173,GOOG,20170817,EPS,1,1.53,20171231,1.6125
2209,GOOG,20170817,EPS,2,2.01,20181231,2.185
2314,GOOG,20170817,EPS,5,3.1,20211231,5.61
2174,GOOG,20170914,EPS,1,1.53,20171231,1.6125
2210,GOOG,20170914,EPS,2,2.0,20181231,2.185
2315,GOOG,20170914,EPS,5,3.1,20211231,5.61
2175,GOOG,20171019,EPS,1,1.53,20171231,1.6125
2211,GOOG,20171019,EPS,2,2.01,20181231,2.185
2316,GOOG,20171019,EPS,5,3.16,20211231,5.61
2176,GOOG,20171116,EPS,1,1.61,20171231,1.6125
2212,GOOG,20171116,EPS,2,2.07,20181231,2.185
2317,GOOG,20171116,EPS,5,3.49,20211231,5.61
2177,GOOG,20171214,EPS,1,1.61,20171231,1.6125
2213,GOOG,20171214,EPS,2,2.08,20181231,2.185
2318,GOOG,20171214,EPS,5,3.38,20211231,5.61
2178,GOOG,20180118,EPS,1,1.62,20171231,1.6125
2214,GOOG,20180118,EPS,2,2.08,20181231,2.185
2319,GOOG,20180118,EPS,5,3.28,20211231,5.61
2191,GOOG,20180215,EPS,1,2.08,20181231,2.185
2227,GOOG,20180215,EPS,2,2.42,20191231,2.458
2192,GOOG,20180315,EPS,1,2.07,20181231,2.185
2228,GOOG,20180315,EPS,2,2.42,20191231,2.458
2193,GOOG,20180419,EPS,1,2.07,20181231,2.185
2229,GOOG,20180419,EPS,2,2.42,20191231,2.458
2194,GOOG,20180517,EPS,1,2.21,20181231,2.185
2230,GOOG,20180517,EPS,2,2.36,20191231,2.458
2195,GOOG,20180614,EPS,1,2.21,20181231,2.185
2231,GOOG,20180614,EPS,2,2.37,20191231,2.458
2196,GOOG,20180719,EPS,1,2.2,20181231,2.185
2232,GOOG,20180719,EPS,2,2.37,20191231,2.458
2197,GOOG,20180816,EPS,1,1.97,20181231,2.185
2233,GOOG,20180816,EPS,2,2.4,20191231,2.458
2198,GOOG,20180920,EPS,1,1.97,20181231,2.185
2234,GOOG,20180920,EPS,2,2.4,20191231,2.458
2199,GOOG,20181018,EPS,1,1.97,20181231,2.185
2235,GOOG,20181018,EPS,2,2.4,20191231,2.458
2200,GOOG,20181115,EPS,1,2.09,20181231,2.185
2236,GOOG,20181115,EPS,2,2.35,20191231,2.458
2201,GOOG,20181220,EPS,1,2.09,20181231,2.185
2237,GOOG,20181220,EPS,2,2.36,20191231,2.458
2202,GOOG,20190117,EPS,1,2.1,20181231,2.185
2238,GOOG,20190117,EPS,2,2.36,20191231,2.458
2215,GOOG,20190214,EPS,1,2.35,20191231,2.458
2260,GOOG,20190214,EPS,2,2.73,20201231,2.9305
2216,GOOG,20190314,EPS,1,2.35,20191231,2.458
2261,GOOG,20190314,EPS,2,2.73,20201231,2.9305
2217,GOOG,20190418,EPS,1,2.35,20191231,2.458
2262,GOOG,20190418,EPS,2,2.74,20201231,2.9305
2218,GOOG,20190516,EPS,1,2.27,20191231,2.458
2263,GOOG,20190516,EPS,2,2.69,20201231,2.9305
2219,GOOG,20190620,EPS,1,2.27,20191231,2.458
2264,GOOG,20190620,EPS,2,2.69,20201231,2.9305
2220,GOOG,20190718,EPS,1,2.28,20191231,2.458
2265,GOOG,20190718,EPS,2,2.69,20201231,2.9305
2221,GOOG,20190815,EPS,1,2.44,20191231,2.458
2266,GOOG,20190815,EPS,2,2.79,20201231,2.9305
2222,GOOG,20190919,EPS,1,2.44,20191231,2.458
2267,GOOG,20190919,EPS,2,2.79,20201231,2.9305
2223,GOOG,20191017,EPS,1,2.44,20191231,2.458
2268,GOOG,20191017,EPS,2,2.79,20201231,2.9305
2224,GOOG,20191114,EPS,1,2.32,20191231,2.458
2269,GOOG,20191114,EPS,2,2.71,20201231,2.9305
2225,GOOG,20191219,EPS,1,2.32,20191231,2.458
2270,GOOG,20191219,EPS,2,2.71,20201231,2.9305
2226,GOOG,20200116,EPS,1,2.32,20191231,2.458
2271,GOOG,20200116,EPS,2,2.72,20201231,2.9305
2248,GOOG,20200220,EPS,1,2.7,20201231,2.9305
2296,GOOG,20200220,EPS,2,3.13,20211231,5.61
2249,GOOG,20200319,EPS,1,2.67,20201231,2.9305
2297,GOOG,20200319,EPS,2,3.1,20211231,5.61
2250,GOOG,20200416,EPS,1,2.38,20201231,2.9305
2298,GOOG,20200416,EPS,2,2.89,20211231,5.61
2251,GOOG,20200514,EPS,1,2.1,20201231,2.9305
2299,GOOG,20200514,EPS,2,2.76,20211231,5.61
2252,GOOG,20200618,EPS,1,2.1,20201231,2.9305
2300,GOOG,20200618,EPS,2,2.75,20211231,5.61
2253,GOOG,20200716,EPS,1,2.1,20201231,2.9305
2301,GOOG,20200716,EPS,2,2.75,20211231,5.61
2254,GOOG,20200820,EPS,1,2.21,20201231,2.9305
2302,GOOG,20200820,EPS,2,2.82,20211231,5.61
2255,GOOG,20200917,EPS,1,2.22,20201231,2.9305
2303,GOOG,20200917,EPS,2,2.83,20211231,5.61
2256,GOOG,20201015,EPS,1,2.22,20201231,2.9305
2304,GOOG,20201015,EPS,2,2.83,20211231,5.61
2257,GOOG,20201119,EPS,1,2.6,20201231,2.9305
2305,GOOG,20201119,EPS,2,3.07,20211231,5.61
2258,GOOG,20201217,EPS,1,2.59,20201231,2.9305
2306,GOOG,20201217,EPS,2,3.06,20211231,5.61
2259,GOOG,20210114,EPS,1,2.6,20201231,2.9305
2307,GOOG,20210114,EPS,2,3.07,20211231,5.61
2284,GOOG,20210218,EPS,1,3.49,20211231,5.61
2285,GOOG,20210318,EPS,1,3.49,20211231,5.61
2286,GOOG,20210415,EPS,1,3.47,20211231,5.61
2287,GOOG,20210520,EPS,1,4.38,20211231,5.61
2288,GOOG,20210617,EPS,1,4.34,20211231,5.61
2289,GOOG,20210715,EPS,1,4.35,20211231,5.61
2290,GOOG,20210819,EPS,1,5.06,20211231,5.61
2291,GOOG,20210916,EPS,1,5.04,20211231,5.61
2292,GOOG,20211014,EPS,1,5.04,20211231,5.61
2293,GOOG,20211118,EPS,1,5.44,20211231,5.61
2294,GOOG,20211216,EPS,1,5.42,20211231,5.61
2576,NFLX,20100114,EPS,1,0.27,20091231,0.2829
2624,NFLX,20100114,EPS,2,0.32,20101231,0.4229
2744,NFLX,20100114,EPS,5,0.5,20131231,0.2643
2601,NFLX,20100218,EPS,1,0.36,20101231,0.4229
2649,NFLX,20100218,EPS,2,0.44,20111231,0.6086
2769,NFLX,20100218,EPS,5,0.75,20141231,0.5271
2602,NFLX,20100318,EPS,1,0.36,20101231,0.4229
2650,NFLX,20100318,EPS,2,0.44,20111231,0.6086
2770,NFLX,20100318,EPS,5,0.75,20141231,0.5271
2603,NFLX,20100415,EPS,1,0.36,20101231,0.4229
2651,NFLX,20100415,EPS,2,0.45,20111231,0.6086
2771,NFLX,20100415,EPS,5,0.75,20141231,0.5271
2604,NFLX,20100520,EPS,1,0.38,20101231,0.4229
2652,NFLX,20100520,EPS,2,0.5,20111231,0.6086
2772,NFLX,20100520,EPS,5,0.96,20141231,0.5271
2605,NFLX,20100617,EPS,1,0.38,20101231,0.4229
2653,NFLX,20100617,EPS,2,0.5,20111231,0.6086
2773,NFLX,20100617,EPS,5,0.96,20141231,0.5271
2606,NFLX,20100715,EPS,1,0.38,20101231,0.4229
2654,NFLX,20100715,EPS,2,0.51,20111231,0.6086
2774,NFLX,20100715,EPS,5,0.96,20141231,0.5271
2607,NFLX,20100819,EPS,1,0.4,20101231,0.4229
2655,NFLX,20100819,EPS,2,0.53,20111231,0.6086
2775,NFLX,20100819,EPS,5,1.08,20141231,0.5271
2608,NFLX,20100916,EPS,1,0.4,20101231,0.4229
2656,NFLX,20100916,EPS,2,0.53,20111231,0.6086
2776,NFLX,20100916,EPS,5,1.12,20141231,0.5271
2609,NFLX,20101014,EPS,1,0.4,20101231,0.4229
2657,NFLX,20101014,EPS,2,0.53,20111231,0.6086
2777,NFLX,20101014,EPS,5,1.1,20141231,0.5271
2610,NFLX,20101118,EPS,1,0.4,20101231,0.4229
2658,NFLX,20101118,EPS,2,0.54,20111231,0.6086
2778,NFLX,20101118,EPS,5,1.58,20141231,0.5271
2611,NFLX,20101216,EPS,1,0.4,20101231,0.4229
2659,NFLX,20101216,EPS,2,0.55,20111231,0.6086
2779,NFLX,20101216,EPS,5,1.58,20141231,0.5271
2612,NFLX,20110120,EPS,1,0.4,20101231,0.4229
2660,NFLX,20110120,EPS,2,0.55,20111231,0.6086
2780,NFLX,20110120,EPS,5,1.58,20141231,0.5271
2637,NFLX,20110217,EPS,1,0.63,20111231,0.6086
2685,NFLX,20110217,EPS,2,0.89,20121231,0.0414
2805,NFLX,20110217,EPS,5,2.37,20151231,0.25
2638,NFLX,20110317,EPS,1,0.63,20111231,0.6086
2686,NFLX,20110317,EPS,2,0.9,20121231,0.0414
2806,NFLX,20110317,EPS,5,2.37,20151231,0.25
2639,NFLX,20110414,EPS,1,0.63,20111231,0.6086
2687,NFLX,20110414,EPS,2,0.91,20121231,0.0414
2807,NFLX,20110414,EPS,5,2.37,20151231,0.25
2640,NFLX,20110519,EPS,1,0.64,20111231,0.6086
2688,NFLX,20110519,EPS,2,0.93,20121231,0.0414
2808,NFLX,20110519,EPS,5,2.4,20151231,0.25
2641,NFLX,20110616,EPS,1,0.64,20111231,0.6086
2689,NFLX,20110616,EPS,2,0.93,20121231,0.0414
2809,NFLX,20110616,EPS,5,2.4,20151231,0.25
2642,NFLX,20110714,EPS,1,0.64,20111231,0.6086
2690,NFLX,20110714,EPS,2,0.94,20121231,0.0414
2810,NFLX,20110714,EPS,5,2.4,20151231,0.25
2643,NFLX,20110818,EPS,1,0.67,20111231,0.6086
2691,NFLX,20110818,EPS,2,0.98,20121231,0.0414
2811,NFLX,20110818,EPS,5,2.42,20151231,0.25
2644,NFLX,20110915,EPS,1,0.66,20111231,0.6086
2692,NFLX,20110915,EPS,2,0.97,20121231,0.0414
2812,NFLX,20110915,EPS,5,2.19,20151231,0.25
2645,NFLX,20111020,EPS,1,0.63,20111231,0.6086
2693,NFLX,20111020,EPS,2,0.88,20121231,0.0414
2813,NFLX,20111020,EPS,5,1.87,20151231,0.25
2646,NFLX,20111117,EPS,1,0.59,20111231,0.6086
2694,NFLX,20111117,EPS,2,0.17,20121231,0.0414
2814,NFLX,20111117,EPS,5,1.79,20151231,0.25
2647,NFLX,20111215,EPS,1,0.59,20111231,0.6086
2695,NFLX,20111215,EPS,2,0.01,20121231,0.0414
2815,NFLX,20111215,EPS,5,1.4,20151231,0.25
2648,NFLX,20120119,EPS,1,0.58,20111231,0.6086
2696,NFLX,20120119,EPS,2,-0.01,20121231,0.0414
2816,NFLX,20120119,EPS,5,1.17,20151231,0.25
2673,NFLX,20120216,EPS,1,-0.03,20121231,0.0414
2721,NFLX,20120216,EPS,2,0.37,20131231,0.2643
2840,NFLX,20120216,EPS,5,1.17,20161231,0.43
2674,NFLX,20120315,EPS,1,-0.03,20121231,0.0414
2722,NFLX,20120315,EPS,2,0.36,20131231,0.2643
2841,NFLX,20120315,EPS,5,1.17,20161231,0.43
2675,NFLX,20120419,EPS,1,-0.03,20121231,0.0414
2723,NFLX,20120419,EPS,2,0.35,20131231,0.2643
2842,NFLX,20120419,EPS,5,1.17,20161231,0.43
2676,NFLX,20120517,EPS,1,0.01,20121231,0.0414
2724,NFLX,20120517,EPS,2,0.31,20131231,0.2643
2843,NFLX,20120517,EPS,5,1.12,20161231,0.43
2677,NFLX,20120614,EPS,1,0.01,20121231,0.0414
2725,NFLX,20120614,EPS,2,0.3,20131231,0.2643
2844,NFLX,20120614,EPS,5,1.12,20161231,0.43
2678,NFLX,20120719,EPS,1,0.02,20121231,0.0414
2726,NFLX,20120719,EPS,2,0.3,20131231,0.2643
2845,NFLX,20120719,EPS,5,1.12,20161231,0.43
2679,NFLX,20120816,EPS,1,0.0,20121231,0.0414
2727,NFLX,20120816,EPS,2,0.13,20131231,0.2643
2846,NFLX,20120816,EPS,5,1.04,20161231,0.43
2680,NFLX,20120920,EPS,1,0.0,20121231,0.0414
2728,NFLX,20120920,EPS,2,0.12,20131231,0.2643
2847,NFLX,20120920,EPS,5,1.04,20161231,0.43
2681,NFLX,20121018,EPS,1,0.0,20121231,0.0414
2729,NFLX,20121018,EPS,2,0.12,20131231,0.2643
2848,NFLX,20121018,EPS,5,0.9,20161231,0.43
2682,NFLX,20121115,EPS,1,0.01,20121231,0.0414
2730,NFLX,20121115,EPS,2,0.06,20131231,0.2643
2849,NFLX,20121115,EPS,5,0.71,20161231,0.43
2683,NFLX,20121220,EPS,1,0.01,20121231,0.0414
2731,NFLX,20121220,EPS,2,0.06,20131231,0.2643
2850,NFLX,20121220,EPS,5,0.54,20161231,0.43
2684,NFLX,20130117,EPS,1,0.01,20121231,0.0414
2732,NFLX,20130117,EPS,2,0.06,20131231,0.2643
2851,NFLX,20130117,EPS,5,0.72,20161231,0.43
2709,NFLX,20130214,EPS,1,0.18,20131231,0.2643
2757,NFLX,20130214,EPS,2,0.4,20141231,0.5271
2876,NFLX,20130214,EPS,5,1.25,20171231,1.25
2710,NFLX,20130314,EPS,1,0.2,20131231,0.2643
2758,NFLX,20130314,EPS,2,0.43,20141231,0.5271
2877,NFLX,20130314,EPS,5,1.63,20171231,1.25
2711,NFLX,20130418,EPS,1,0.19,20131231,0.2643
2759,NFLX,20130418,EPS,2,0.41,20141231,0.5271
2878,NFLX,20130418,EPS,5,1.37,20171231,1.25
2712,NFLX,20130516,EPS,1,0.2,20131231,0.2643
2760,NFLX,20130516,EPS,2,0.45,20141231,0.5271
2879,NFLX,20130516,EPS,5,1.28,20171231,1.25
2713,NFLX,20130620,EPS,1,0.2,20131231,0.2643
2761,NFLX,20130620,EPS,2,0.45,20141231,0.5271
2880,NFLX,20130620,EPS,5,1.28,20171231,1.25
2714,NFLX,20130718,EPS,1,0.2,20131231,0.2643
2762,NFLX,20130718,EPS,2,0.44,20141231,0.5271
2881,NFLX,20130718,EPS,5,1.28,20171231,1.25
2715,NFLX,20130815,EPS,1,0.21,20131231,0.2643
2763,NFLX,20130815,EPS,2,0.47,20141231,0.5271
2882,NFLX,20130815,EPS,5,1.36,20171231,1.25
2716,NFLX,20130919,EPS,1,0.21,20131231,0.2643
2764,NFLX,20130919,EPS,2,0.48,20141231,0.5271
2883,NFLX,20130919,EPS,5,1.37,20171231,1.25
2717,NFLX,20131017,EPS,1,0.22,20131231,0.2643
2765,NFLX,20131017,EPS,2,0.49,20141231,0.5271
2884,NFLX,20131017,EPS,5,1.35,20171231,1.25
2718,NFLX,20131114,EPS,1,0.25,20131231,0.2643
2766,NFLX,20131114,EPS,2,0.57,20141231,0.5271
2885,NFLX,20131114,EPS,5,2.21,20171231,1.25
2719,NFLX,20131219,EPS,1,0.25,20131231,0.2643
2767,NFLX,20131219,EPS,2,0.57,20141231,0.5271
2886,NFLX,20131219,EPS,5,1.98,20171231,1.25
2720,NFLX,20140116,EPS,1,0.25,20131231,0.2643
2768,NFLX,20140116,EPS,2,0.57,20141231,0.5271
2887,NFLX,20140116,EPS,5,2.16,20171231,1.25
2745,NFLX,20140220,EPS,1,0.58,20141231,0.5271
2793,NFLX,20140220,EPS,2,1.05,20151231,0.25
2912,NFLX,20140220,EPS,5,2.87,20181231,2.68
2746,NFLX,20140320,EPS,1,0.58,20141231,0.5271
2794,NFLX,20140320,EPS,2,1.06,20151231,0.25
2913,NFLX,20140320,EPS,5,2.87,20181231,2.68
2747,NFLX,20140417,EPS,1,0.59,20141231,0.5271
2795,NFLX,20140417,EPS,2,1.06,20151231,0.25
2914,NFLX,20140417,EPS,5,2.87,20181231,2.68
2748,NFLX,20140515,EPS,1,0.6,20141231,0.5271
2796,NFLX,20140515,EPS,2,0.99,20151231,0.25
2915,NFLX,20140515,EPS,5,2.58,20181231,2.68
2749,NFLX,20140619,EPS,1,0.59,20141231,0.5271
2797,NFLX,20140619,EPS,2,0.97,20151231,0.25
2916,NFLX,20140619,EPS,5,2.83,20181231,2.68
2750,NFLX,20140717,EPS,1,0.59,20141231,0.5271
2798,NFLX,20140717,EPS,2,0.97,20151231,0.25
2917,NFLX,20140717,EPS,5,2.83,20181231,2.68
2751,NFLX,20140814,EPS,1,0.55,20141231,0.5271
2799,NFLX,20140814,EPS,2,0.94,20151231,0.25
2918,NFLX,20140814,EPS,5,2.84,20181231,2.68
2752,NFLX,20140918,EPS,1,0.55,20141231,0.5271
2800,NFLX,20140918,EPS,2,0.94,20151231,0.25
2919,NFLX,20140918,EPS,5,2.84,20181231,2.68
2753,NFLX,20141016,EPS,1,0.5,20141231,0.5271
2801,NFLX,20141016,EPS,2,0.72,20151231,0.25
2920,NFLX,20141016,EPS,5,2.7,20181231,2.68
2754,NFLX,20141120,EPS,1,0.49,20141231,0.5271
2802,NFLX,20141120,EPS,2,0.69,20151231,0.25
2921,NFLX,20141120,EPS,5,2.69,20181231,2.68
2755,NFLX,20141218,EPS,1,0.49,20141231,0.5271
2803,NFLX,20141218,EPS,2,0.67,20151231,0.25
2922,NFLX,20141218,EPS,5,2.54,20181231,2.68
2756,NFLX,20150115,EPS,1,0.49,20141231,0.5271
2804,NFLX,20150115,EPS,2,0.67,20151231,0.25
2923,NFLX,20150115,EPS,5,2.54,20181231,2.68
2781,NFLX,20150219,EPS,1,0.49,20151231,0.25
2828,NFLX,20150219,EPS,2,0.8,20161231,0.43
2948,NFLX,20150219,EPS,5,3.42,20191231,4.13
2782,NFLX,20150319,EPS,1,0.48,20151231,0.25
2829,NFLX,20150319,EPS,2,0.78,20161231,0.43
2949,NFLX,20150319,EPS,5,3.42,20191231,4.13
2783,NFLX,20150416,EPS,1,0.25,20151231,0.25
2830,NFLX,20150416,EPS,2,0.52,20161231,0.43
2950,NFLX,20150416,EPS,5,3.34,20191231,4.13
2784,NFLX,20150514,EPS,1,0.22,20151231,0.25
2831,NFLX,20150514,EPS,2,0.5,20161231,0.43
2951,NFLX,20150514,EPS,5,3.38,20191231,4.13
2785,NFLX,20150618,EPS,1,0.2,20151231,0.25
2832,NFLX,20150618,EPS,2,0.49,20161231,0.43
2952,NFLX,20150618,EPS,5,3.41,20191231,4.13
2786,NFLX,20150716,EPS,1,0.22,20151231,0.25
2833,NFLX,20150716,EPS,2,0.32,20161231,0.43
2953,NFLX,20150716,EPS,5,3.64,20191231,4.13
2787,NFLX,20150820,EPS,1,0.22,20151231,0.25
2834,NFLX,20150820,EPS,2,0.3,20161231,0.43
2954,NFLX,20150820,EPS,5,3.74,20191231,4.13
2788,NFLX,20150917,EPS,1,0.22,20151231,0.25
2835,NFLX,20150917,EPS,2,0.3,20161231,0.43
2955,NFLX,20150917,EPS,5,3.74,20191231,4.13
2789,NFLX,20151015,EPS,1,0.2,20151231,0.25
2836,NFLX,20151015,EPS,2,0.29,20161231,0.43
2956,NFLX,20151015,EPS,5,3.68,20191231,4.13
2790,NFLX,20151119,EPS,1,0.2,20151231,0.25
2837,NFLX,20151119,EPS,2,0.27,20161231,0.43
2957,NFLX,20151119,EPS,5,3.72,20191231,4.13
2791,NFLX,20151217,EPS,1,0.2,20151231,0.25
2838,NFLX,20151217,EPS,2,0.26,20161231,0.43
2958,NFLX,20151217,EPS,5,3.81,20191231,4.13
2792,NFLX,20160114,EPS,1,0.21,20151231,0.25
2839,NFLX,20160114,EPS,2,0.23,20161231,0.43
2959,NFLX,20160114,EPS,5,3.78,20191231,4.13
2817,NFLX,20160218,EPS,1,0.26,20161231,0.43
2865,NFLX,20160218,EPS,2,1.07,20171231,1.25
2985,NFLX,20160218,EPS,5,5.41,20201231,6.08
2818,NFLX,20160317,EPS,1,0.27,20161231,0.43
2866,NFLX,20160317,EPS,2,1.08,20171231,1.25
2986,NFLX,20160317,EPS,5,5.41,20201231,6.08
2819,NFLX,20160414,EPS,1,0.28,20161231,0.43
2867,NFLX,20160414,EPS,2,1.1,20171231,1.25
2987,NFLX,20160414,EPS,5,5.52,20201231,6.08
2820,NFLX,20160519,EPS,1,0.28,20161231,0.43
2868,NFLX,20160519,EPS,2,1.04,20171231,1.25
2988,NFLX,20160519,EPS,5,5.35,20201231,6.08
2821,NFLX,20160616,EPS,1,0.28,20161231,0.43
2869,NFLX,20160616,EPS,2,1.03,20171231,1.25
2989,NFLX,20160616,EPS,5,5.35,20201231,6.08
2822,NFLX,20160714,EPS,1,0.27,20161231,0.43
2870,NFLX,20160714,EPS,2,1.03,20171231,1.25
2990,NFLX,20160714,EPS,5,5.3,20201231,6.08
2823,NFLX,20160818,EPS,1,0.29,20161231,0.43
2871,NFLX,20160818,EPS,2,0.88,20171231,1.25
2991,NFLX,20160818,EPS,5,4.6,20201231,6.08
2824,NFLX,20160915,EPS,1,0.29,20161231,0.43
2872,NFLX,20160915,EPS,2,0.87,20171231,1.25
2992,NFLX,20160915,EPS,5,4.46,20201231,6.08
2825,NFLX,20161020,EPS,1,0.4,20161231,0.43
2873,NFLX,20161020,EPS,2,0.95,20171231,1.25
2993,NFLX,20161020,EPS,5,4.51,20201231,6.08
2826,NFLX,20161117,EPS,1,0.4,20161231,0.43
2874,NFLX,20161117,EPS,2,0.95,20171231,1.25
2994,NFLX,20161117,EPS,5,4.74,20201231,6.08
2827,NFLX,20161215,EPS,1,0.4,20161231,0.43
2875,NFLX,20161215,EPS,2,0.97,20171231,1.25
2995,NFLX,20161215,EPS,5,4.73,20201231,6.08
2852,NFLX,20170119,EPS,1,1.05,20171231,1.25
2899,NFLX,20170119,EPS,2,1.95,20181231,2.68
3019,NFLX,20170119,EPS,5,7.29,20211231,11.24
2853,NFLX,20170216,EPS,1,1.1,20171231,1.25
2900,NFLX,20170216,EPS,2,1.98,20181231,2.68
3020,NFLX,20170216,EPS,5,7.29,20211231,11.24
2854,NFLX,20170316,EPS,1,1.11,20171231,1.25
2901,NFLX,20170316,EPS,2,1.99,20181231,2.68
3021,NFLX,20170316,EPS,5,6.71,20211231,11.24
2855,NFLX,20170420,EPS,1,1.05,20171231,1.25
2902,NFLX,20170420,EPS,2,1.91,20181231,2.68
3022,NFLX,20170420,EPS,5,6.79,20211231,11.24
2856,NFLX,20170518,EPS,1,1.04,20171231,1.25
2903,NFLX,20170518,EPS,2,1.92,20181231,2.68
3023,NFLX,20170518,EPS,5,6.82,20211231,11.24
2857,NFLX,20170615,EPS,1,1.04,20171231,1.25
2904,NFLX,20170615,EPS,2,1.92,20181231,2.68
3024,NFLX,20170615,EPS,5,6.94,20211231,11.24
2858,NFLX,20170720,EPS,1,1.16,20171231,1.25
2905,NFLX,20170720,EPS,2,1.99,20181231,2.68
3025,NFLX,20170720,EPS,5,7.01,20211231,11.24
2859,NFLX,20170817,EPS,1,1.17,20171231,1.25
2906,NFLX,20170817,EPS,2,2.01,20181231,2.68
3026,NFLX,20170817,EPS,5,7.38,20211231,11.24
2860,NFLX,20170914,EPS,1,1.17,20171231,1.25
2907,NFLX,20170914,EPS,2,2.02,20181231,2.68
3027,NFLX,20170914,EPS,5,7.38,20211231,11.24
2861,NFLX,20171019,EPS,1,1.25,20171231,1.25
2908,NFLX,20171019,EPS,2,2.25,20181231,2.68
3028,NFLX,20171019,EPS,5,8.18,20211231,11.24
2862,NFLX,20171116,EPS,1,1.25,20171231,1.25
2909,NFLX,20171116,EPS,2,2.26,20181231,2.68
3029,NFLX,20171116,EPS,5,8.18,20211231,11.24
2863,NFLX,20171214,EPS,1,1.25,20171231,1.25
2910,NFLX,20171214,EPS,2,2.26,20181231,2.68
3030,NFLX,20171214,EPS,5,8.35,20211231,11.24
2864,NFLX,20180118,EPS,1,1.25,20171231,1.25
2911,NFLX,20180118,EPS,2,2.3,20181231,2.68
3031,NFLX,20180118,EPS,5,8.38,20211231,11.24
2888,NFLX,20180215,EPS,1,2.71,20181231,2.68
2937,NFLX,20180215,EPS,2,4.23,20191231,4.13
2889,NFLX,20180315,EPS,1,2.72,20181231,2.68
2938,NFLX,20180315,EPS,2,4.2,20191231,4.13
2890,NFLX,20180419,EPS,1,2.84,20181231,2.68
2939,NFLX,20180419,EPS,2,4.58,20191231,4.13
2891,NFLX,20180517,EPS,1,2.85,20181231,2.68
2940,NFLX,20180517,EPS,2,4.59,20191231,4.13
2892,NFLX,20180614,EPS,1,2.86,20181231,2.68
2941,NFLX,20180614,EPS,2,4.58,20191231,4.13
2893,NFLX,20180719,EPS,1,2.71,20181231,2.68
2942,NFLX,20180719,EPS,2,4.37,20191231,4.13
2894,NFLX,20180816,EPS,1,2.69,20181231,2.68
2943,NFLX,20180816,EPS,2,4.37,20191231,4.13
2895,NFLX,20180920,EPS,1,2.69,20181231,2.68
2944,NFLX,20180920,EPS,2,4.39,20191231,4.13
2896,NFLX,20181018,EPS,1,2.67,20181231,2.68
2945,NFLX,20181018,EPS,2,4.17,20191231,4.13
2897,NFLX,20181115,EPS,1,2.66,20181231,2.68
2946,NFLX,20181115,EPS,2,4.2,20191231,4.13
2898,NFLX,20181220,EPS,1,2.66,20181231,2.68
2947,NFLX,20181220,EPS,2,4.17,20191231,4.13
2924,NFLX,20190117,EPS,1,4.13,20191231,4.13
2972,NFLX,20190117,EPS,2,6.78,20201231,6.08
2925,NFLX,20190214,EPS,1,4.05,20191231,4.13
2973,NFLX,20190214,EPS,2,6.43,20201231,6.08
2926,NFLX,20190314,EPS,1,4.04,20191231,4.13
2974,NFLX,20190314,EPS,2,6.39,20201231,6.08
2927,NFLX,20190418,EPS,1,3.45,20191231,4.13
2975,NFLX,20190418,EPS,2,5.88,20201231,6.08
2928,NFLX,20190516,EPS,1,3.42,20191231,4.13
2976,NFLX,20190516,EPS,2,5.86,20201231,6.08
2929,NFLX,20190620,EPS,1,3.42,20191231,4.13
2977,NFLX,20190620,EPS,2,5.81,20201231,6.08
2930,NFLX,20190718,EPS,1,3.3,20191231,4.13
2978,NFLX,20190718,EPS,2,5.72,20201231,6.08
2931,NFLX,20190815,EPS,1,3.27,20191231,4.13
2979,NFLX,20190815,EPS,2,5.66,20201231,6.08
2932,NFLX,20190919,EPS,1,3.26,20191231,4.13
2980,NFLX,20190919,EPS,2,5.65,20201231,6.08
2933,NFLX,20191017,EPS,1,3.35,20191231,4.13
2981,NFLX,20191017,EPS,2,5.52,20201231,6.08
2934,NFLX,20191114,EPS,1,3.36,20191231,4.13
2982,NFLX,20191114,EPS,2,5.51,20201231,6.08
2935,NFLX,20191219,EPS,1,3.36,20191231,4.13
2983,NFLX,20191219,EPS,2,5.49,20201231,6.08
2936,NFLX,20200116,EPS,1,3.36,20191231,4.13
2984,NFLX,20200116,EPS,2,5.45,20201231,6.08
2960,NFLX,20200220,EPS,1,6.01,20201231,6.08
3007,NFLX,20200220,EPS,2,8.42,20211231,11.24
2961,NFLX,20200319,EPS,1,5.97,20201231,6.08
3008,NFLX,20200319,EPS,2,8.38,20211231,11.24
2962,NFLX,20200416,EPS,1,6.02,20201231,6.08
3009,NFLX,20200416,EPS,2,8.36,20211231,11.24
2963,NFLX,20200514,EPS,1,6.45,20201231,6.08
3010,NFLX,20200514,EPS,2,8.56,20211231,11.24
2964,NFLX,20200618,EPS,1,6.46,20201231,6.08
3011,NFLX,20200618,EPS,2,8.57,20211231,11.24
2965,NFLX,20200716,EPS,1,6.5,20201231,6.08
3012,NFLX,20200716,EPS,2,8.7,20211231,11.24
2966,NFLX,20200820,EPS,1,6.18,20201231,6.08
3013,NFLX,20200820,EPS,2,8.8,20211231,11.24
2967,NFLX,20200917,EPS,1,6.19,20201231,6.08
3014,NFLX,20200917,EPS,2,8.8,20211231,11.24
2968,NFLX,20201015,EPS,1,6.22,20201231,6.08
3015,NFLX,20201015,EPS,2,8.82,20211231,11.24
2969,NFLX,20201119,EPS,1,6.27,20201231,6.08
3016,NFLX,20201119,EPS,2,9.02,20211231,11.24
2970,NFLX,20201217,EPS,1,6.27,20201231,6.08
3017,NFLX,20201217,EPS,2,9.03,20211231,11.24
2971,NFLX,20210114,EPS,1,6.28,20201231,6.08
3018,NFLX,20210114,EPS,2,9.09,20211231,11.24
2996,NFLX,20210218,EPS,1,9.9,20211231,11.24
2997,NFLX,20210318,EPS,1,9.89,20211231,11.24
2998,NFLX,20210415,EPS,1,9.89,20211231,11.24
2999,NFLX,20210520,EPS,1,10.52,20211231,11.24
3000,NFLX,20210617,EPS,1,10.53,20211231,11.24
3001,NFLX,20210715,EPS,1,10.54,20211231,11.24
3002,NFLX,20210819,EPS,1,10.45,20211231,11.24
3003,NFLX,20210916,EPS,1,10.46,20211231,11.24
3004,NFLX,20211014,EPS,1,10.46,20211231,11.24
3005,NFLX,20211118,EPS,1,10.72,20211231,11.24
3006,NFLX,20211216,EPS,1,10.73,20211231,11.24
3124,TSLA,20100819,EPS,1,-0.15,20101231,-0.1687
3142,TSLA,20100819,EPS,2,-0.14,20111231,-0.1473
3220,TSLA,20100819,EPS,5,0.12,20141231,0.0093
3125,TSLA,20100916,EPS,1,-0.14,20101231,-0.1687
3143,TSLA,20100916,EPS,2,-0.13,20111231,-0.1473
3221,TSLA,20100916,EPS,5,0.12,20141231,0.0093
3126,TSLA,20101014,EPS,1,-0.16,20101231,-0.1687
3144,TSLA,20101014,EPS,2,-0.13,20111231,-0.1473
3222,TSLA,20101014,EPS,5,0.12,20141231,0.0093
3127,TSLA,20101118,EPS,1,-0.15,20101231,-0.1687
3145,TSLA,20101118,EPS,2,-0.13,20111231,-0.1473
3223,TSLA,20101118,EPS,5,0.12,20141231,0.0093
3128,TSLA,20101216,EPS,1,-0.15,20101231,-0.1687
3146,TSLA,20101216,EPS,2,-0.13,20111231,-0.1473
3224,TSLA,20101216,EPS,5,0.12,20141231,0.0093
3129,TSLA,20110120,EPS,1,-0.15,20101231,-0.1687
3147,TSLA,20110120,EPS,2,-0.13,20111231,-0.1473
3225,TSLA,20110120,EPS,5,0.12,20141231,0.0093
3130,TSLA,20110217,EPS,1,-0.14,20111231,-0.1473
3161,TSLA,20110217,EPS,2,-0.09,20121231,-0.2133
3250,TSLA,20110217,EPS,5,0.21,20151231,-0.1533
3131,TSLA,20110317,EPS,1,-0.14,20111231,-0.1473
3162,TSLA,20110317,EPS,2,-0.09,20121231,-0.2133
3251,TSLA,20110317,EPS,5,0.2,20151231,-0.1533
3132,TSLA,20110414,EPS,1,-0.14,20111231,-0.1473
3163,TSLA,20110414,EPS,2,-0.11,20121231,-0.2133
3252,TSLA,20110414,EPS,5,0.2,20151231,-0.1533
3133,TSLA,20110519,EPS,1,-0.14,20111231,-0.1473
3164,TSLA,20110519,EPS,2,-0.1,20121231,-0.2133
3253,TSLA,20110519,EPS,5,0.2,20151231,-0.1533
3134,TSLA,20110616,EPS,1,-0.14,20111231,-0.1473
3165,TSLA,20110616,EPS,2,-0.1,20121231,-0.2133
3254,TSLA,20110616,EPS,5,0.2,20151231,-0.1533
3135,TSLA,20110714,EPS,1,-0.14,20111231,-0.1473
3166,TSLA,20110714,EPS,2,-0.1,20121231,-0.2133
3255,TSLA,20110714,EPS,5,0.2,20151231,-0.1533
3136,TSLA,20110818,EPS,1,-0.15,20111231,-0.1473
3167,TSLA,20110818,EPS,2,-0.11,20121231,-0.2133
3256,TSLA,20110818,EPS,5,0.2,20151231,-0.1533
3137,TSLA,20110915,EPS,1,-0.15,20111231,-0.1473
3168,TSLA,20110915,EPS,2,-0.11,20121231,-0.2133
3138,TSLA,20111020,EPS,1,-0.15,20111231,-0.1473
3169,TSLA,20111020,EPS,2,-0.12,20121231,-0.2133
3257,TSLA,20111020,EPS,5,0.2,20151231,-0.1533
3139,TSLA,20111117,EPS,1,-0.14,20111231,-0.1473
3170,TSLA,20111117,EPS,2,-0.13,20121231,-0.2133
3258,TSLA,20111117,EPS,5,0.2,20151231,-0.1533
3140,TSLA,20111215,EPS,1,-0.14,20111231,-0.1473
3171,TSLA,20111215,EPS,2,-0.13,20121231,-0.2133
3259,TSLA,20111215,EPS,5,0.2,20151231,-0.1533
3141,TSLA,20120119,EPS,1,-0.14,20111231,-0.1473
3172,TSLA,20120119,EPS,2,-0.13,20121231,-0.2133
3260,TSLA,20120119,EPS,5,0.2,20151231,-0.1533
3148,TSLA,20120216,EPS,1,-0.13,20121231,-0.2133
3184,TSLA,20120216,EPS,2,0.07,20131231,0.052
3286,TSLA,20120216,EPS,5,0.22,20161231,-0.1913
3149,TSLA,20120315,EPS,1,-0.14,20121231,-0.2133
3185,TSLA,20120315,EPS,2,0.06,20131231,0.052
3287,TSLA,20120315,EPS,5,0.22,20161231,-0.1913
3150,TSLA,20120419,EPS,1,-0.14,20121231,-0.2133
3186,TSLA,20120419,EPS,2,0.06,20131231,0.052
3288,TSLA,20120419,EPS,5,0.22,20161231,-0.1913
3151,TSLA,20120517,EPS,1,-0.16,20121231,-0.2133
3187,TSLA,20120517,EPS,2,0.04,20131231,0.052
3289,TSLA,20120517,EPS,5,0.22,20161231,-0.1913
3152,TSLA,20120614,EPS,1,-0.16,20121231,-0.2133
3188,TSLA,20120614,EPS,2,0.04,20131231,0.052
3290,TSLA,20120614,EPS,5,0.22,20161231,-0.1913
3153,TSLA,20120719,EPS,1,-0.16,20121231,-0.2133
3189,TSLA,20120719,EPS,2,0.04,20131231,0.052
3291,TSLA,20120719,EPS,5,0.22,20161231,-0.1913
3154,TSLA,20120816,EPS,1,-0.18,20121231,-0.2133
3190,TSLA,20120816,EPS,2,0.03,20131231,0.052
3292,TSLA,20120816,EPS,5,0.23,20161231,-0.1913
3155,TSLA,20120920,EPS,1,-0.18,20121231,-0.2133
3191,TSLA,20120920,EPS,2,0.03,20131231,0.052
3293,TSLA,20120920,EPS,5,0.23,20161231,-0.1913
3156,TSLA,20121018,EPS,1,-0.2,20121231,-0.2133
3192,TSLA,20121018,EPS,2,0.03,20131231,0.052
3294,TSLA,20121018,EPS,5,0.22,20161231,-0.1913
3157,TSLA,20121115,EPS,1,-0.2,20121231,-0.2133
3193,TSLA,20121115,EPS,2,0.02,20131231,0.052
3295,TSLA,20121115,EPS,5,0.21,20161231,-0.1913
3158,TSLA,20121220,EPS,1,-0.21,20121231,-0.2133
3194,TSLA,20121220,EPS,2,0.01,20131231,0.052
3296,TSLA,20121220,EPS,5,0.17,20161231,-0.1913
3159,TSLA,20130117,EPS,1,-0.21,20121231,-0.2133
3195,TSLA,20130117,EPS,2,0.01,20131231,0.052
3297,TSLA,20130117,EPS,5,0.17,20161231,-0.1913
3160,TSLA,20130214,EPS,1,-0.21,20121231,-0.2133
3196,TSLA,20130214,EPS,2,0.01,20131231,0.052
3298,TSLA,20130214,EPS,5,0.17,20161231,-0.1913
3173,TSLA,20130314,EPS,1,0.0,20131231,0.052
3209,TSLA,20130314,EPS,2,0.09,20141231,0.0093
3323,TSLA,20130314,EPS,5,0.17,20171231,-0.5773
3174,TSLA,20130418,EPS,1,0.01,20131231,0.052
3210,TSLA,20130418,EPS,2,0.1,20141231,0.0093
3324,TSLA,20130418,EPS,5,0.18,20171231,-0.5773
3175,TSLA,20130516,EPS,1,0.0,20131231,0.052
3211,TSLA,20130516,EPS,2,0.07,20141231,0.0093
3325,TSLA,20130516,EPS,5,0.17,20171231,-0.5773
3176,TSLA,20130620,EPS,1,-0.01,20131231,0.052
3212,TSLA,20130620,EPS,2,0.06,20141231,0.0093
3326,TSLA,20130620,EPS,5,0.17,20171231,-0.5773
3177,TSLA,20130718,EPS,1,0.0,20131231,0.052
3213,TSLA,20130718,EPS,2,0.06,20141231,0.0093
3327,TSLA,20130718,EPS,5,0.4,20171231,-0.5773
3178,TSLA,20130815,EPS,1,0.04,20131231,0.052
3214,TSLA,20130815,EPS,2,0.12,20141231,0.0093
3328,TSLA,20130815,EPS,5,0.46,20171231,-0.5773
3179,TSLA,20130919,EPS,1,0.04,20131231,0.052
3215,TSLA,20130919,EPS,2,0.13,20141231,0.0093
3329,TSLA,20130919,EPS,5,0.46,20171231,-0.5773
3180,TSLA,20131017,EPS,1,0.04,20131231,0.052
3216,TSLA,20131017,EPS,2,0.12,20141231,0.0093
3330,TSLA,20131017,EPS,5,0.48,20171231,-0.5773
3181,TSLA,20131114,EPS,1,0.04,20131231,0.052
3217,TSLA,20131114,EPS,2,0.1,20141231,0.0093
3331,TSLA,20131114,EPS,5,0.46,20171231,-0.5773
3182,TSLA,20131219,EPS,1,0.04,20131231,0.052
3218,TSLA,20131219,EPS,2,0.1,20141231,0.0093
3332,TSLA,20131219,EPS,5,0.45,20171231,-0.5773
3183,TSLA,20140116,EPS,1,0.04,20131231,0.052
3219,TSLA,20140116,EPS,2,0.1,20141231,0.0093
3333,TSLA,20140116,EPS,5,0.45,20171231,-0.5773
3197,TSLA,20140220,EPS,1,0.12,20141231,0.0093
3238,TSLA,20140220,EPS,2,0.24,20151231,-0.1533
3357,TSLA,20140220,EPS,5,0.76,20181231,-0.0887
3198,TSLA,20140320,EPS,1,0.12,20141231,0.0093
3239,TSLA,20140320,EPS,2,0.26,20151231,-0.1533
3358,TSLA,20140320,EPS,5,0.65,20181231,-0.0887
3199,TSLA,20140417,EPS,1,0.12,20141231,0.0093
3240,TSLA,20140417,EPS,2,0.25,20151231,-0.1533
3359,TSLA,20140417,EPS,5,0.6,20181231,-0.0887
3200,TSLA,20140515,EPS,1,0.08,20141231,0.0093
3241,TSLA,20140515,EPS,2,0.21,20151231,-0.1533
3360,TSLA,20140515,EPS,5,0.6,20181231,-0.0887
3201,TSLA,20140619,EPS,1,0.08,20141231,0.0093
3242,TSLA,20140619,EPS,2,0.21,20151231,-0.1533
3361,TSLA,20140619,EPS,5,0.6,20181231,-0.0887
3202,TSLA,20140717,EPS,1,0.07,20141231,0.0093
3243,TSLA,20140717,EPS,2,0.2,20151231,-0.1533
3362,TSLA,20140717,EPS,5,0.6,20181231,-0.0887
3203,TSLA,20140814,EPS,1,0.07,20141231,0.0093
3244,TSLA,20140814,EPS,2,0.22,20151231,-0.1533
3363,TSLA,20140814,EPS,5,0.55,20181231,-0.0887
3204,TSLA,20140918,EPS,1,0.07,20141231,0.0093
3245,TSLA,20140918,EPS,2,0.22,20151231,-0.1533
3364,TSLA,20140918,EPS,5,0.59,20181231,-0.0887
3205,TSLA,20141016,EPS,1,0.07,20141231,0.0093
3246,TSLA,20141016,EPS,2,0.21,20151231,-0.1533
3365,TSLA,20141016,EPS,5,0.62,20181231,-0.0887
3206,TSLA,20141120,EPS,1,0.04,20141231,0.0093
3247,TSLA,20141120,EPS,2,0.19,20151231,-0.1533
3366,TSLA,20141120,EPS,5,0.67,20181231,-0.0887
3207,TSLA,20141218,EPS,1,0.04,20141231,0.0093
3248,TSLA,20141218,EPS,2,0.19,20151231,-0.1533
3367,TSLA,20141218,EPS,5,0.67,20181231,-0.0887
3208,TSLA,20150115,EPS,1,0.04,20141231,0.0093
3249,TSLA,20150115,EPS,2,0.18,20151231,-0.1533
3368,TSLA,20150115,EPS,5,0.67,20181231,-0.0887
3226,TSLA,20150219,EPS,1,0.07,20151231,-0.1533
3274,TSLA,20150219,EPS,2,0.28,20161231,-0.1913
3393,TSLA,20150219,EPS,5,0.76,20191231,0.0133
3227,TSLA,20150319,EPS,1,0.05,20151231,-0.1533
3275,TSLA,20150319,EPS,2,0.28,20161231,-0.1913
3394,TSLA,20150319,EPS,5,0.76,20191231,0.0133
3228,TSLA,20150416,EPS,1,0.04,20151231,-0.1533
3276,TSLA,20150416,EPS,2,0.27,20161231,-0.1913
3395,TSLA,20150416,EPS,5,0.76,20191231,0.0133
3229,TSLA,20150514,EPS,1,0.0,20151231,-0.1533
3277,TSLA,20150514,EPS,2,0.24,20161231,-0.1913
3396,TSLA,20150514,EPS,5,0.72,20191231,0.0133
3230,TSLA,20150618,EPS,1,0.0,20151231,-0.1533
3278,TSLA,20150618,EPS,2,0.23,20161231,-0.1913
3397,TSLA,20150618,EPS,5,0.72,20191231,0.0133
3231,TSLA,20150716,EPS,1,0.0,20151231,-0.1533
3279,TSLA,20150716,EPS,2,0.22,20161231,-0.1913
3398,TSLA,20150716,EPS,5,0.72,20191231,0.0133
3232,TSLA,20150820,EPS,1,-0.06,20151231,-0.1533
3280,TSLA,20150820,EPS,2,0.16,20161231,-0.1913
3399,TSLA,20150820,EPS,5,0.55,20191231,0.0133
3233,TSLA,20150917,EPS,1,-0.06,20151231,-0.1533
3281,TSLA,20150917,EPS,2,0.16,20161231,-0.1913
3400,TSLA,20150917,EPS,5,0.63,20191231,0.0133
3234,TSLA,20151015,EPS,1,-0.06,20151231,-0.1533
3282,TSLA,20151015,EPS,2,0.16,20161231,-0.1913
3401,TSLA,20151015,EPS,5,0.63,20191231,0.0133
3235,TSLA,20151119,EPS,1,-0.08,20151231,-0.1533
3283,TSLA,20151119,EPS,2,0.12,20161231,-0.1913
3402,TSLA,20151119,EPS,5,0.62,20191231,0.0133
3236,TSLA,20151217,EPS,1,-0.08,20151231,-0.1533
3284,TSLA,20151217,EPS,2,0.12,20161231,-0.1913
3403,TSLA,20151217,EPS,5,0.62,20191231,0.0133
3237,TSLA,20160114,EPS,1,-0.08,20151231,-0.1533
3285,TSLA,20160114,EPS,2,0.12,20161231,-0.1913
3404,TSLA,20160114,EPS,5,0.61,20191231,0.0133
3261,TSLA,20160218,EPS,1,0.09,20161231,-0.1913
3310,TSLA,20160218,EPS,2,0.22,20171231,-0.5773
3429,TSLA,20160218,EPS,5,0.82,20201231,0.7467
3262,TSLA,20160317,EPS,1,0.09,20161231,-0.1913
3311,TSLA,20160317,EPS,2,0.21,20171231,-0.5773
3430,TSLA,20160317,EPS,5,0.81,20201231,0.7467
3263,TSLA,20160414,EPS,1,0.09,20161231,-0.1913
3312,TSLA,20160414,EPS,2,0.22,20171231,-0.5773
3431,TSLA,20160414,EPS,5,0.88,20201231,0.7467
3264,TSLA,20160519,EPS,1,0.05,20161231,-0.1913
3313,TSLA,20160519,EPS,2,0.23,20171231,-0.5773
3432,TSLA,20160519,EPS,5,1.07,20201231,0.7467
3265,TSLA,20160616,EPS,1,0.05,20161231,-0.1913
3314,TSLA,20160616,EPS,2,0.21,20171231,-0.5773
3433,TSLA,20160616,EPS,5,1.17,20201231,0.7467
3266,TSLA,20160714,EPS,1,0.02,20161231,-0.1913
3315,TSLA,20160714,EPS,2,0.18,20171231,-0.5773
3434,TSLA,20160714,EPS,5,1.22,20201231,0.7467
3267,TSLA,20160818,EPS,1,-0.06,20161231,-0.1913
3316,TSLA,20160818,EPS,2,0.1,20171231,-0.5773
3435,TSLA,20160818,EPS,5,1.01,20201231,0.7467
3268,TSLA,20160915,EPS,1,-0.07,20161231,-0.1913
3317,TSLA,20160915,EPS,2,0.1,20171231,-0.5773
3436,TSLA,20160915,EPS,5,0.96,20201231,0.7467
3269,TSLA,20161020,EPS,1,-0.09,20161231,-0.1913
3318,TSLA,20161020,EPS,2,0.09,20171231,-0.5773
3437,TSLA,20161020,EPS,5,0.95,20201231,0.7467
3270,TSLA,20161117,EPS,1,-0.14,20161231,-0.1913
3319,TSLA,20161117,EPS,2,-0.02,20171231,-0.5773
3438,TSLA,20161117,EPS,5,0.77,20201231,0.7467
3271,TSLA,20161215,EPS,1,-0.14,20161231,-0.1913
3320,TSLA,20161215,EPS,2,-0.04,20171231,-0.5773
3439,TSLA,20161215,EPS,5,0.74,20201231,0.7467
3272,TSLA,20170119,EPS,1,-0.15,20161231,-0.1913
3321,TSLA,20170119,EPS,2,-0.07,20171231,-0.5773
3440,TSLA,20170119,EPS,5,0.71,20201231,0.7467
3273,TSLA,20170216,EPS,1,-0.15,20161231,-0.1913
3322,TSLA,20170216,EPS,2,-0.11,20171231,-0.5773
3441,TSLA,20170216,EPS,5,0.7,20201231,0.7467
3299,TSLA,20170316,EPS,1,-0.12,20171231,-0.5773
3346,TSLA,20170316,EPS,2,0.16,20181231,-0.0887
3466,TSLA,20170316,EPS,5,0.93,20211231,2.26
3300,TSLA,20170420,EPS,1,-0.15,20171231,-0.5773
3347,TSLA,20170420,EPS,2,0.14,20181231,-0.0887
3467,TSLA,20170420,EPS,5,0.92,20211231,2.26
3301,TSLA,20170518,EPS,1,-0.38,20171231,-0.5773
3348,TSLA,20170518,EPS,2,-0.06,20181231,-0.0887
3468,TSLA,20170518,EPS,5,1.11,20211231,2.26
3302,TSLA,20170615,EPS,1,-0.39,20171231,-0.5773
3349,TSLA,20170615,EPS,2,-0.06,20181231,-0.0887
3469,TSLA,20170615,EPS,5,1.11,20211231,2.26
3303,TSLA,20170720,EPS,1,-0.4,20171231,-0.5773
3350,TSLA,20170720,EPS,2,-0.05,20181231,-0.0887
3470,TSLA,20170720,EPS,5,1.17,20211231,2.26
3304,TSLA,20170817,EPS,1,-0.41,20171231,-0.5773
3351,TSLA,20170817,EPS,2,-0.07,20181231,-0.0887
3471,TSLA,20170817,EPS,5,1.25,20211231,2.26
3305,TSLA,20170914,EPS,1,-0.42,20171231,-0.5773
3352,TSLA,20170914,EPS,2,-0.1,20181231,-0.0887
3472,TSLA,20170914,EPS,5,1.25,20211231,2.26
3306,TSLA,20171019,EPS,1,-0.44,20171231,-0.5773
3353,TSLA,20171019,EPS,2,-0.13,20181231,-0.0887
3473,TSLA,20171019,EPS,5,1.38,20211231,2.26
3307,TSLA,20171116,EPS,1,-0.57,20171231,-0.5773
3354,TSLA,20171116,EPS,2,-0.23,20181231,-0.0887
3474,TSLA,20171116,EPS,5,1.28,20211231,2.26
3308,TSLA,20171214,EPS,1,-0.58,20171231,-0.5773
3355,TSLA,20171214,EPS,2,-0.25,20181231,-0.0887
3475,TSLA,20171214,EPS,5,1.23,20211231,2.26
3309,TSLA,20180118,EPS,1,-0.58,20171231,-0.5773
3356,TSLA,20180118,EPS,2,-0.27,20181231,-0.0887
3476,TSLA,20180118,EPS,5,1.1,20211231,2.26
3334,TSLA,20180215,EPS,1,-0.41,20181231,-0.0887
3381,TSLA,20180215,EPS,2,0.14,20191231,0.0133
3335,TSLA,20180315,EPS,1,-0.4,20181231,-0.0887
3382,TSLA,20180315,EPS,2,0.13,20191231,0.0133
3336,TSLA,20180419,EPS,1,-0.46,20181231,-0.0887
3383,TSLA,20180419,EPS,2,0.12,20191231,0.0133
3337,TSLA,20180517,EPS,1,-0.47,20181231,-0.0887
3384,TSLA,20180517,EPS,2,0.13,20191231,0.0133
3338,TSLA,20180614,EPS,1,-0.45,20181231,-0.0887
3385,TSLA,20180614,EPS,2,0.17,20191231,0.0133
3339,TSLA,20180719,EPS,1,-0.46,20181231,-0.0887
3386,TSLA,20180719,EPS,2,0.18,20191231,0.0133
3340,TSLA,20180816,EPS,1,-0.37,20181231,-0.0887
3387,TSLA,20180816,EPS,2,0.19,20191231,0.0133
3341,TSLA,20180920,EPS,1,-0.37,20181231,-0.0887
3388,TSLA,20180920,EPS,2,0.19,20191231,0.0133
3342,TSLA,20181018,EPS,1,-0.36,20181231,-0.0887
3389,TSLA,20181018,EPS,2,0.21,20191231,0.0133
3343,TSLA,20181115,EPS,1,-0.12,20181231,-0.0887
3390,TSLA,20181115,EPS,2,0.42,20191231,0.0133
3344,TSLA,20181220,EPS,1,-0.1,20181231,-0.0887
3391,TSLA,20181220,EPS,2,0.46,20191231,0.0133
3345,TSLA,20190117,EPS,1,-0.09,20181231,-0.0887
3392,TSLA,20190117,EPS,2,0.43,20191231,0.0133
3369,TSLA,20190214,EPS,1,0.37,20191231,0.0133
3417,TSLA,20190214,EPS,2,0.61,20201231,0.7467
3370,TSLA,20190314,EPS,1,0.35,20191231,0.0133
3418,TSLA,20190314,EPS,2,0.61,20201231,0.7467
3371,TSLA,20190418,EPS,1,0.18,20191231,0.0133
3419,TSLA,20190418,EPS,2,0.46,20201231,0.7467
3372,TSLA,20190516,EPS,1,-0.08,20191231,0.0133
3420,TSLA,20190516,EPS,2,0.4,20201231,0.7467
3373,TSLA,20190620,EPS,1,-0.09,20191231,0.0133
3421,TSLA,20190620,EPS,2,0.36,20201231,0.7467
3374,TSLA,20190718,EPS,1,-0.1,20191231,0.0133
3422,TSLA,20190718,EPS,2,0.35,20201231,0.7467
3375,TSLA,20190815,EPS,1,-0.24,20191231,0.0133
3423,TSLA,20190815,EPS,2,0.25,20201231,0.7467
3376,TSLA,20190919,EPS,1,-0.23,20191231,0.0133
3424,TSLA,20190919,EPS,2,0.26,20201231,0.7467
3377,TSLA,20191017,EPS,1,-0.23,20191231,0.0133
3425,TSLA,20191017,EPS,2,0.27,20201231,0.7467
3378,TSLA,20191114,EPS,1,-0.04,20191231,0.0133
3426,TSLA,20191114,EPS,2,0.36,20201231,0.7467
3379,TSLA,20191219,EPS,1,-0.05,20191231,0.0133
3427,TSLA,20191219,EPS,2,0.36,20201231,0.7467
3380,TSLA,20200116,EPS,1,-0.03,20191231,0.0133
3428,TSLA,20200116,EPS,2,0.39,20201231,0.7467
3405,TSLA,20200220,EPS,1,0.53,20201231,0.7467
3454,TSLA,20200220,EPS,2,0.92,20211231,2.26
3406,TSLA,20200319,EPS,1,0.51,20201231,0.7467
3455,TSLA,20200319,EPS,2,0.88,20211231,2.26
3407,TSLA,20200416,EPS,1,0.2,20201231,0.7467
3456,TSLA,20200416,EPS,2,0.74,20211231,2.26
3408,TSLA,20200514,EPS,1,0.26,20201231,0.7467
3457,TSLA,20200514,EPS,2,0.79,20211231,2.26
3409,TSLA,20200618,EPS,1,0.27,20201231,0.7467
3458,TSLA,20200618,EPS,2,0.75,20211231,2.26
3410,TSLA,20200716,EPS,1,0.32,20201231,0.7467
3459,TSLA,20200716,EPS,2,0.8,20211231,2.26
3411,TSLA,20200820,EPS,1,0.62,20201231,0.7467
3460,TSLA,20200820,EPS,2,1.04,20211231,2.26
3412,TSLA,20200917,EPS,1,0.64,20201231,0.7467
3461,TSLA,20200917,EPS,2,1.06,20211231,2.26
3413,TSLA,20201015,EPS,1,0.66,20201231,0.7467
3462,TSLA,20201015,EPS,2,1.09,20211231,2.26
3414,TSLA,20201119,EPS,1,0.76,20201231,0.7467
3463,TSLA,20201119,EPS,2,1.28,20211231,2.26
3415,TSLA,20201217,EPS,1,0.77,20201231,0.7467
3464,TSLA,20201217,EPS,2,1.28,20211231,2.26
3416,TSLA,20210114,EPS,1,0.78,20201231,0.7467
3465,TSLA,20210114,EPS,2,1.33,20211231,2.26
3442,TSLA,20210218,EPS,1,1.36,20211231,2.26
3443,TSLA,20210318,EPS,1,1.37,20211231,2.26
3444,TSLA,20210415,EPS,1,1.43,20211231,2.26
3445,TSLA,20210520,EPS,1,1.51,20211231,2.26
3446,TSLA,20210617,EPS,1,1.51,20211231,2.26
3447,TSLA,20210715,EPS,1,1.5,20211231,2.26
3448,TSLA,20210819,EPS,1,1.76,20211231,2.26
3449,TSLA,20210916,EPS,1,1.77,20211231,2.26
3450,TSLA,20211014,EPS,1,1.84,20211231,2.26
3451,TSLA,20211118,EPS,1,2.02,20211231,2.26
3452,TSLA,20211216,EPS,1,2.02,20211231,2.26
